{
  "season": "cloudy",
  "runs": 20,
  "seed_base": 42,
  "algorithms": {
    "GA (P=50)": {
      "pop_size": 50,
      "max_iter": 150,
      "costs": [
        14.402051638976818,
        14.06189950377871,
        14.123641554394867,
        14.372650986720084,
        13.61330938264758,
        14.473363694762915,
        14.32475630477013,
        13.912001884511161,
        13.585977618650977,
        13.992107520329485,
        13.763225415032068,
        14.642131922727298,
        13.948290169762414,
        13.867501273282542,
        13.583574114831913,
        13.960821222222382,
        13.739256598380253,
        14.272696029616984,
        13.911738195863775,
        15.963749825258216
      ],
      "runtimes": [
        0.3244450092315674,
        0.30760931968688965,
        0.3046586513519287,
        0.3087635040283203,
        0.3202779293060303,
        0.3049347400665283,
        0.31231188774108887,
        0.3033125400543213,
        0.30856800079345703,
        0.3002629280090332,
        0.3264808654785156,
        0.33145689964294434,
        0.3125178813934326,
        0.31388139724731445,
        0.30391550064086914,
        0.30628299713134766,
        0.3115108013153076,
        0.31737422943115234,
        0.29617786407470703,
        0.3139913082122803
      ]
    },
    "GA (P=100)": {
      "pop_size": 100,
      "max_iter": 150,
      "costs": [
        13.831070671322118,
        13.783317712390172,
        13.603286805555513,
        14.53225437033368,
        13.678927152071592,
        13.715700059006634,
        14.113623683507445,
        14.267156427089507,
        13.91361769277444,
        13.903083693739628,
        13.62414472355777,
        13.938971531740775,
        13.8627917904464,
        13.82292146182351,
        13.965363258390392,
        13.655793443450136,
        13.986767277408509,
        13.964855960265911,
        14.414626373758717,
        13.761140181596167
      ],
      "runtimes": [
        0.6034951210021973,
        0.6094300746917725,
        0.6066663265228271,
        0.6188983917236328,
        0.6045284271240234,
        0.6013040542602539,
        0.6011388301849365,
        0.6056351661682129,
        0.6019806861877441,
        0.5950603485107422,
        0.6057875156402588,
        0.6001420021057129,
        0.6148886680603027,
        0.6074864864349365,
        0.5967748165130615,
        0.6124005317687988,
        0.5989909172058105,
        0.6218838691711426,
        0.6029925346374512,
        0.6103386878967285
      ]
    },
    "PSO": {
      "pop_size": 50,
      "max_iter": 150,
      "costs": [
        16.69812175613207,
        20.275688289849963,
        18.731010810967813,
        15.683616596793337,
        15.508446457258746,
        18.29560126037593,
        20.107362356042444,
        16.90515514872029,
        15.127227229964163,
        17.804632224298608,
        15.527581675604642,
        15.264737648303363,
        14.067269068862275,
        17.310336517166558,
        18.807431150923644,
        17.100416739539106,
        17.35362765577748,
        17.853811865339864,
        15.971001245184,
        17.29123558944075
      ],
      "runtimes": [
        0.1873641014099121,
        0.2115767002105713,
        0.19000935554504395,
        0.2032618522644043,
        0.1991283893585205,
        0.20462298393249512,
        0.19338107109069824,
        0.1917247772216797,
        0.20543599128723145,
        0.19784307479858398,
        0.18947458267211914,
        0.20024704933166504,
        0.1906728744506836,
        0.2070310115814209,
        0.19547224044799805,
        0.18943262100219727,
        0.2114408016204834,
        0.18957114219665527,
        0.20535778999328613,
        0.1875748634338379
      ]
    },
    "GWO": {
      "pop_size": 50,
      "max_iter": 150,
      "costs": [
        15.597783934199663,
        16.058975453611485,
        14.985156598515855,
        14.866946251931205,
        15.045540681218268,
        15.782627246375142,
        15.969486409740824,
        16.09629302318277,
        16.549101221840406,
        15.953044990717542,
        14.78924810598033,
        14.72346108349927,
        15.693530552819917,
        15.311173386023244,
        15.81994740659854,
        15.492288881536165,
        15.245301635764639,
        14.933214578561833,
        15.52643843120879,
        15.1841190946956
      ],
      "runtimes": [
        0.4476451873779297,
        0.4213113784790039,
        0.46440553665161133,
        0.438692569732666,
        0.4410843849182129,
        0.41743898391723633,
        0.4358365535736084,
        0.44536399841308594,
        0.4340834617614746,
        0.42334461212158203,
        0.4337763786315918,
        0.435056209564209,
        0.4163358211517334,
        0.4366154670715332,
        0.4262211322784424,
        0.4283456802368164,
        0.42865705490112305,
        0.42624974250793457,
        0.4346766471862793,
        0.43245673179626465
      ]
    },
    "Hybrid": {
      "pop_size": 50,
      "max_iter": 150,
      "costs": [
        17.34761653648908,
        16.57797217697801,
        17.088931339335215,
        15.895716982657698,
        15.177019338172554,
        16.2171378869166,
        17.66899311897521,
        15.710848817894249,
        15.242302953070986,
        15.710259717635253,
        16.445485804745967,
        14.641787560029188,
        14.498377638919532,
        15.792678126448152,
        17.571579287683658,
        16.636846287362708,
        17.435889162506193,
        16.020064777214568,
        16.031391973859396,
        16.08516955768224
      ],
      "runtimes": [
        0.25574612617492676,
        0.24078059196472168,
        0.24286270141601562,
        0.25348687171936035,
        0.24436688423156738,
        0.24402832984924316,
        0.2516188621520996,
        0.23521733283996582,
        0.2625463008880615,
        0.2405555248260498,
        0.2661123275756836,
        0.2541801929473877,
        0.26215600967407227,
        0.25627779960632324,
        0.24490952491760254,
        0.24280905723571777,
        0.2580904960632324,
        0.23686742782592773,
        0.2473134994506836,
        0.24386262893676758
      ]
    }
  }
}