{
  "season": "winter",
  "runs": 20,
  "seed_base": 42,
  "algorithms": {
    "GA (P=50)": {
      "pop_size": 50,
      "max_iter": 150,
      "costs": [
        38.07644381122623,
        37.807253961102546,
        37.65229342089517,
        37.632481381010486,
        37.697588535981815,
        37.81907647098765,
        35.45033756834874,
        35.67258632419668,
        35.49856957837933,
        35.25366739780773,
        37.79219418149531,
        34.91794418232644,
        37.76037607180919,
        35.20689643352887,
        37.78782361644092,
        37.90620350941667,
        37.5832973701161,
        37.866125668193966,
        37.69999719932488,
        37.880225162893424
      ],
      "runtimes": [
        0.3243987560272217,
        0.311755895614624,
        0.3098430633544922,
        0.30748772621154785,
        0.29810261726379395,
        0.3129396438598633,
        0.30768442153930664,
        0.3001420497894287,
        0.31415605545043945,
        0.30383944511413574,
        0.2999999523162842,
        0.2988145351409912,
        0.3177509307861328,
        0.30591654777526855,
        0.303802490234375,
        0.3067443370819092,
        0.2991170883178711,
        0.31372976303100586,
        0.30565476417541504,
        0.3145866394042969
      ]
    },
    "GA (P=100)": {
      "pop_size": 100,
      "max_iter": 150,
      "costs": [
        37.761349849065354,
        37.689529638706794,
        35.45816347161899,
        35.41739526849164,
        37.8247006758973,
        37.57511193475827,
        37.754078560260126,
        37.76269189497698,
        37.671060976686306,
        37.81011436193841,
        37.65547447789935,
        37.76638423886618,
        37.72796313943746,
        35.05607948278955,
        37.71120445361006,
        37.68162759410854,
        37.80944424281227,
        37.67313265509545,
        37.620282289401565,
        35.594743045293036
      ],
      "runtimes": [
        0.6154675483703613,
        0.6128866672515869,
        0.6098513603210449,
        0.6110446453094482,
        0.5979454517364502,
        0.6037404537200928,
        0.6263008117675781,
        0.6067850589752197,
        0.599609375,
        0.6121211051940918,
        0.6073472499847412,
        0.6102323532104492,
        0.6101129055023193,
        0.6086485385894775,
        0.6190674304962158,
        0.5977602005004883,
        0.6545450687408447,
        0.6430468559265137,
        0.6130681037902832,
        0.648918628692627
      ]
    },
    "PSO": {
      "pop_size": 50,
      "max_iter": 150,
      "costs": [
        35.84915498207684,
        37.930863548479124,
        37.61891390134228,
        35.23031914359335,
        38.09734863667441,
        37.806231857582894,
        35.47333382888419,
        38.103733270919975,
        34.59276138855511,
        40.20442516367817,
        34.84685503584251,
        36.6458904494464,
        38.0579875400582,
        39.317750960832676,
        36.569923994384595,
        39.00187314789179,
        34.557009041958274,
        37.689108512212634,
        34.56654872057527,
        35.226661222513954
      ],
      "runtimes": [
        0.20635366439819336,
        0.205918550491333,
        0.20787310600280762,
        0.2180931568145752,
        0.19843029975891113,
        0.203446626663208,
        0.19934940338134766,
        0.2080974578857422,
        0.2181849479675293,
        0.21658611297607422,
        0.2395174503326416,
        0.20704174041748047,
        0.20968914031982422,
        0.21073126792907715,
        0.20014071464538574,
        0.20707464218139648,
        0.2014925479888916,
        0.20769715309143066,
        0.22273015975952148,
        0.21402549743652344
      ]
    },
    "GWO": {
      "pop_size": 50,
      "max_iter": 150,
      "costs": [
        34.45419897031708,
        34.797627642460256,
        35.18457397508042,
        33.911366901963845,
        34.74503143204629,
        34.118559940125905,
        36.159994369729766,
        34.934211698712815,
        40.12570881768925,
        35.79129599415772,
        34.67141932092821,
        35.72922455209994,
        35.56171015793707,
        34.514839071664355,
        34.533088492781374,
        34.491435355174026,
        34.105766324083724,
        37.153501979193855,
        37.19637597083579,
        35.91361739055669
      ],
      "runtimes": [
        0.4393746852874756,
        0.4419732093811035,
        0.43526530265808105,
        0.43010878562927246,
        0.44803524017333984,
        0.43530869483947754,
        0.4223031997680664,
        0.43468332290649414,
        0.42029571533203125,
        0.45993971824645996,
        0.45433568954467773,
        0.4573705196380615,
        0.43142056465148926,
        0.4401540756225586,
        0.4307727813720703,
        0.4586760997772217,
        0.4405684471130371,
        0.42737555503845215,
        0.44249534606933594,
        0.4400308132171631
      ]
    },
    "Hybrid": {
      "pop_size": 50,
      "max_iter": 150,
      "costs": [
        35.98294774603109,
        36.36306739527884,
        37.212480594178295,
        35.2376246359769,
        37.01190827849399,
        35.72637216769679,
        35.97287723725323,
        36.37105199904329,
        35.437626030681166,
        39.37451691295521,
        35.26248521317709,
        36.10182325778769,
        38.08814950324828,
        38.75898598023299,
        35.87322273144673,
        35.123434723324266,
        34.456665287271775,
        37.665947295702345,
        34.41684858348804,
        35.143642658255615
      ],
      "runtimes": [
        0.23942041397094727,
        0.23780059814453125,
        0.25098443031311035,
        0.24312806129455566,
        0.24219918251037598,
        0.24324560165405273,
        0.22538495063781738,
        0.24352240562438965,
        0.24008893966674805,
        0.23932719230651855,
        0.23578715324401855,
        0.25727128982543945,
        0.22891879081726074,
        0.23700213432312012,
        0.23853182792663574,
        0.25215888023376465,
        0.24776577949523926,
        0.23784232139587402,
        0.2393817901611328,
        0.24460244178771973
      ]
    }
  }
}