{
  "season": "summer",
  "runs": 20,
  "seed_base": 42,
  "algorithms": {
    "GA (P=50)": {
      "pop_size": 50,
      "max_iter": 150,
      "costs": [
        4.615071195991935,
        3.925366414423912,
        3.8575748557755434,
        4.252823907136037,
        3.8592269957901517,
        4.2459797967394195,
        3.9135234925195945,
        4.03214941266716,
        3.740137013557102,
        5.033612461339534,
        3.8352025420486187,
        4.025993359061369,
        3.7645451082440027,
        4.026801087200436,
        3.9255103524348716,
        3.885493189401753,
        3.9597852676164167,
        3.8831237330019213,
        4.0528296591223905,
        4.786470081756593
      ],
      "runtimes": [
        0.3157336711883545,
        0.3062400817871094,
        0.3102149963378906,
        0.31377506256103516,
        0.3178694248199463,
        0.3133227825164795,
        0.3108963966369629,
        0.3057069778442383,
        0.3049662113189697,
        0.2971673011779785,
        0.31700825691223145,
        0.30577945709228516,
        0.3062410354614258,
        0.30381274223327637,
        0.3146066665649414,
        0.3141822814941406,
        0.305253267288208,
        0.29660797119140625,
        0.3126494884490967,
        0.30625462532043457
      ]
    },
    "GA (P=100)": {
      "pop_size": 100,
      "max_iter": 150,
      "costs": [
        3.710459891690804,
        4.127256433387587,
        3.69196672138939,
        4.330402408638239,
        4.204831396691402,
        3.887472328922825,
        4.22834511048032,
        3.731961983966835,
        4.10000404507802,
        3.8414190175588994,
        3.914280532953609,
        3.9744047843207007,
        3.7808003623881157,
        3.640521284754002,
        4.0656764496931235,
        3.837137035081066,
        4.001323919747222,
        3.887171861431704,
        3.901487635131245,
        3.81398840707542
      ],
      "runtimes": [
        0.6079769134521484,
        0.5953450202941895,
        0.6127302646636963,
        0.596165657043457,
        0.609527587890625,
        0.6280708312988281,
        0.6657593250274658,
        0.6438004970550537,
        0.6226575374603271,
        0.6159393787384033,
        0.6180107593536377,
        0.6334295272827148,
        0.6034994125366211,
        0.6182985305786133,
        0.616513729095459,
        0.6199915409088135,
        0.6030542850494385,
        0.604712724685669,
        0.608665943145752,
        0.6098392009735107
      ]
    },
    "PSO": {
      "pop_size": 50,
      "max_iter": 150,
      "costs": [
        5.492468496967215,
        9.68525318545368,
        5.7953284680697905,
        5.633656241223434,
        5.255311865253924,
        7.247302387813743,
        7.300148983748392,
        6.619252457568633,
        7.8916132449622545,
        7.98710450055471,
        8.130746048425218,
        6.153907630799704,
        5.204288177298424,
        6.316617488466412,
        6.391805655828923,
        7.019261419879491,
        5.287517360354685,
        7.816815791554858,
        5.28610042939561,
        6.840568572724868
      ],
      "runtimes": [
        0.2086620330810547,
        0.18826007843017578,
        0.1989595890045166,
        0.2126150131225586,
        0.19129443168640137,
        0.20535707473754883,
        0.1928727626800537,
        0.20507407188415527,
        0.1907031536102295,
        0.1971745491027832,
        0.20662856101989746,
        0.2033843994140625,
        0.18611359596252441,
        0.20584750175476074,
        0.1981029510498047,
        0.18891668319702148,
        0.2060532569885254,
        0.18520760536193848,
        0.20675110816955566,
        0.18917584419250488
      ]
    },
    "GWO": {
      "pop_size": 50,
      "max_iter": 150,
      "costs": [
        4.954810041177904,
        4.931501076477984,
        4.755633068582575,
        4.861385791211373,
        4.208829008498333,
        4.353367800387955,
        5.344660740167522,
        4.487967998244842,
        5.708976094938384,
        6.000373516735004,
        4.430347501842858,
        5.615033440784468,
        5.922102838936598,
        4.403079047867864,
        4.97089858801417,
        5.029239230676024,
        6.021319960883808,
        6.301962442101212,
        5.034377217425639,
        6.150405616103772
      ],
      "runtimes": [
        0.4473259449005127,
        0.43004941940307617,
        0.4307231903076172,
        0.4301424026489258,
        0.43892455101013184,
        0.4193694591522217,
        0.437084436416626,
        0.4428400993347168,
        0.4158658981323242,
        0.43508243560791016,
        0.4399688243865967,
        0.42424941062927246,
        0.4208967685699463,
        0.4369823932647705,
        0.43648362159729004,
        0.43166351318359375,
        0.4150540828704834,
        0.4375004768371582,
        0.4357311725616455,
        0.42787742614746094
      ]
    },
    "Hybrid": {
      "pop_size": 50,
      "max_iter": 150,
      "costs": [
        5.525647028348133,
        7.287034689832946,
        6.324846973780644,
        5.882587757628604,
        5.694801536555605,
        5.125217600049251,
        6.683524140881329,
        5.799836983392037,
        6.548585027912819,
        6.260571423158446,
        5.981870902403088,
        5.295080882851034,
        5.0833876479701905,
        5.6808022151092326,
        6.414744262523021,
        4.934071884121009,
        4.962351423643113,
        5.808317036670449,
        5.346417266463013,
        6.9548088042334735
      ],
      "runtimes": [
        0.2507312297821045,
        0.23698139190673828,
        0.25217413902282715,
        0.24393606185913086,
        0.25334692001342773,
        0.2410292625427246,
        0.2378857135772705,
        0.2617943286895752,
        0.24212884902954102,
        0.24354863166809082,
        0.25144195556640625,
        0.24701666831970215,
        0.24357366561889648,
        0.24256634712219238,
        0.24556970596313477,
        0.24702906608581543,
        0.23961186408996582,
        0.2584066390991211,
        0.23563003540039062,
        0.25745725631713867
      ]
    }
  }
}