dataset,profile_id,day,season,algorithm,run,cost,runtime_s
real_pv_load_synthetic,2025-01-14_rep00,2025-01-14,winter,GA (P=50),0,35.90992398693296,0.15960407257080078
real_pv_load_synthetic,2025-01-14_rep00,2025-01-14,winter,GA (P=50),1,35.48675176149522,0.13850903511047363
real_pv_load_synthetic,2025-01-14_rep00,2025-01-14,winter,GA (P=50),2,35.54440527643155,0.1448502540588379
real_pv_load_synthetic,2025-01-14_rep00,2025-01-14,winter,GA (P=50),3,35.62670934618329,0.13906359672546387
real_pv_load_synthetic,2025-01-14_rep00,2025-01-14,winter,GA (P=50),4,35.43979197126917,0.13868403434753418
real_pv_load_synthetic,2025-01-14_rep00,2025-01-14,winter,GA (P=100),0,35.53647180452217,0.27881312370300293
real_pv_load_synthetic,2025-01-14_rep00,2025-01-14,winter,GA (P=100),1,35.150044537853894,0.27774691581726074
real_pv_load_synthetic,2025-01-14_rep00,2025-01-14,winter,GA (P=100),2,35.21833000213377,0.27778053283691406
real_pv_load_synthetic,2025-01-14_rep00,2025-01-14,winter,GA (P=100),3,35.22468546795413,0.2780036926269531
real_pv_load_synthetic,2025-01-14_rep00,2025-01-14,winter,GA (P=100),4,35.271062396386924,0.2775557041168213
real_pv_load_synthetic,2025-01-14_rep00,2025-01-14,winter,PSO,0,41.50339160077608,0.10436677932739258
real_pv_load_synthetic,2025-01-14_rep00,2025-01-14,winter,PSO,1,38.384531620644644,0.11011695861816406
real_pv_load_synthetic,2025-01-14_rep00,2025-01-14,winter,PSO,2,38.29072110872666,0.09804058074951172
real_pv_load_synthetic,2025-01-14_rep00,2025-01-14,winter,PSO,3,39.534030860035955,0.10411596298217773
real_pv_load_synthetic,2025-01-14_rep00,2025-01-14,winter,PSO,4,38.36785194734805,0.1044161319732666
real_pv_load_synthetic,2025-01-14_rep00,2025-01-14,winter,GWO,0,34.434409280452776,0.18768620491027832
real_pv_load_synthetic,2025-01-14_rep00,2025-01-14,winter,GWO,1,35.55068188252774,0.18018698692321777
real_pv_load_synthetic,2025-01-14_rep00,2025-01-14,winter,GWO,2,35.19374839027737,0.18775343894958496
real_pv_load_synthetic,2025-01-14_rep00,2025-01-14,winter,GWO,3,35.229067903788206,0.18637561798095703
real_pv_load_synthetic,2025-01-14_rep00,2025-01-14,winter,GWO,4,34.10896951574976,0.18550515174865723
real_pv_load_synthetic,2025-01-14_rep00,2025-01-14,winter,Hybrid,0,37.755641676014086,0.12085914611816406
real_pv_load_synthetic,2025-01-14_rep00,2025-01-14,winter,Hybrid,1,38.069399147127164,0.11806821823120117
real_pv_load_synthetic,2025-01-14_rep00,2025-01-14,winter,Hybrid,2,39.880621783967534,0.1251204013824463
real_pv_load_synthetic,2025-01-14_rep00,2025-01-14,winter,Hybrid,3,36.687758567145174,0.12387299537658691
real_pv_load_synthetic,2025-01-14_rep00,2025-01-14,winter,Hybrid,4,37.50796693656494,0.11907076835632324
real_pv_load_synthetic,2025-01-22_rep00,2025-01-22,winter,GA (P=50),0,45.648822512108005,0.13887381553649902
real_pv_load_synthetic,2025-01-22_rep00,2025-01-22,winter,GA (P=50),1,46.112095640840096,0.13912582397460938
real_pv_load_synthetic,2025-01-22_rep00,2025-01-22,winter,GA (P=50),2,45.43880039780324,0.1419539451599121
real_pv_load_synthetic,2025-01-22_rep00,2025-01-22,winter,GA (P=50),3,45.23513379697064,0.137542724609375
real_pv_load_synthetic,2025-01-22_rep00,2025-01-22,winter,GA (P=50),4,44.900589357415186,0.13621115684509277
real_pv_load_synthetic,2025-01-22_rep00,2025-01-22,winter,GA (P=100),0,44.995217709912794,0.27153897285461426
real_pv_load_synthetic,2025-01-22_rep00,2025-01-22,winter,GA (P=100),1,44.618737161148,0.27115440368652344
real_pv_load_synthetic,2025-01-22_rep00,2025-01-22,winter,GA (P=100),2,44.89985069855801,0.2719449996948242
real_pv_load_synthetic,2025-01-22_rep00,2025-01-22,winter,GA (P=100),3,45.28537119314125,0.27739763259887695
real_pv_load_synthetic,2025-01-22_rep00,2025-01-22,winter,GA (P=100),4,45.461871334040936,0.2770118713378906
real_pv_load_synthetic,2025-01-22_rep00,2025-01-22,winter,PSO,0,49.406256386758244,0.10488295555114746
real_pv_load_synthetic,2025-01-22_rep00,2025-01-22,winter,PSO,1,47.026768791502555,0.1114037036895752
real_pv_load_synthetic,2025-01-22_rep00,2025-01-22,winter,PSO,2,48.078212334337124,0.1320202350616455
real_pv_load_synthetic,2025-01-22_rep00,2025-01-22,winter,PSO,3,49.663362584002456,0.11882305145263672
real_pv_load_synthetic,2025-01-22_rep00,2025-01-22,winter,PSO,4,49.73463048642555,0.1104741096496582
real_pv_load_synthetic,2025-01-22_rep00,2025-01-22,winter,GWO,0,45.173245097298896,0.20820832252502441
real_pv_load_synthetic,2025-01-22_rep00,2025-01-22,winter,GWO,1,43.3848095587989,0.20160841941833496
real_pv_load_synthetic,2025-01-22_rep00,2025-01-22,winter,GWO,2,45.28382460366318,0.2068169116973877
real_pv_load_synthetic,2025-01-22_rep00,2025-01-22,winter,GWO,3,44.400600896814666,0.20153284072875977
real_pv_load_synthetic,2025-01-22_rep00,2025-01-22,winter,GWO,4,43.39484278135147,0.20228314399719238
real_pv_load_synthetic,2025-01-22_rep00,2025-01-22,winter,Hybrid,0,48.444918750645115,0.1253211498260498
real_pv_load_synthetic,2025-01-22_rep00,2025-01-22,winter,Hybrid,1,47.97493356583414,0.12359738349914551
real_pv_load_synthetic,2025-01-22_rep00,2025-01-22,winter,Hybrid,2,46.44936010493279,0.11909317970275879
real_pv_load_synthetic,2025-01-22_rep00,2025-01-22,winter,Hybrid,3,48.48517204146441,0.12397480010986328
real_pv_load_synthetic,2025-01-22_rep00,2025-01-22,winter,Hybrid,4,45.55820262717456,0.11931490898132324
real_pv_load_synthetic,2025-03-17_rep00,2025-03-17,cloudy,GA (P=50),0,16.220950598914026,0.1386728286743164
real_pv_load_synthetic,2025-03-17_rep00,2025-03-17,cloudy,GA (P=50),1,15.88987446376538,0.13889312744140625
real_pv_load_synthetic,2025-03-17_rep00,2025-03-17,cloudy,GA (P=50),2,15.269893908615305,0.13888335227966309
real_pv_load_synthetic,2025-03-17_rep00,2025-03-17,cloudy,GA (P=50),3,17.37801486213007,0.13933038711547852
real_pv_load_synthetic,2025-03-17_rep00,2025-03-17,cloudy,GA (P=50),4,15.934537693348846,0.13840317726135254
real_pv_load_synthetic,2025-03-17_rep00,2025-03-17,cloudy,GA (P=100),0,15.788929783770426,0.2767813205718994
real_pv_load_synthetic,2025-03-17_rep00,2025-03-17,cloudy,GA (P=100),1,15.816540242494442,0.2721714973449707
real_pv_load_synthetic,2025-03-17_rep00,2025-03-17,cloudy,GA (P=100),2,15.795758140436568,0.2777247428894043
real_pv_load_synthetic,2025-03-17_rep00,2025-03-17,cloudy,GA (P=100),3,15.567219899882028,0.27778196334838867
real_pv_load_synthetic,2025-03-17_rep00,2025-03-17,cloudy,GA (P=100),4,16.06568075785751,0.277496337890625
real_pv_load_synthetic,2025-03-17_rep00,2025-03-17,cloudy,PSO,0,21.23238980550775,0.10442018508911133
real_pv_load_synthetic,2025-03-17_rep00,2025-03-17,cloudy,PSO,1,18.731796609623814,0.10396742820739746
real_pv_load_synthetic,2025-03-17_rep00,2025-03-17,cloudy,PSO,2,19.12723517111592,0.10501646995544434
real_pv_load_synthetic,2025-03-17_rep00,2025-03-17,cloudy,PSO,3,20.083754031342465,0.11421895027160645
real_pv_load_synthetic,2025-03-17_rep00,2025-03-17,cloudy,PSO,4,21.703012648061115,0.10020303726196289
real_pv_load_synthetic,2025-03-17_rep00,2025-03-17,cloudy,GWO,0,16.123952106378507,0.2024226188659668
real_pv_load_synthetic,2025-03-17_rep00,2025-03-17,cloudy,GWO,1,15.38925350439493,0.19337248802185059
real_pv_load_synthetic,2025-03-17_rep00,2025-03-17,cloudy,GWO,2,16.788364440944363,0.18775367736816406
real_pv_load_synthetic,2025-03-17_rep00,2025-03-17,cloudy,GWO,3,16.716445947506653,0.18795132637023926
real_pv_load_synthetic,2025-03-17_rep00,2025-03-17,cloudy,GWO,4,16.587134784982826,0.18686175346374512
real_pv_load_synthetic,2025-03-17_rep00,2025-03-17,cloudy,Hybrid,0,18.115899145776343,0.1249394416809082
real_pv_load_synthetic,2025-03-17_rep00,2025-03-17,cloudy,Hybrid,1,18.98658775792738,0.11830544471740723
real_pv_load_synthetic,2025-03-17_rep00,2025-03-17,cloudy,Hybrid,2,17.29121106977616,0.12471890449523926
real_pv_load_synthetic,2025-03-17_rep00,2025-03-17,cloudy,Hybrid,3,18.818031875507145,0.1252739429473877
real_pv_load_synthetic,2025-03-17_rep00,2025-03-17,cloudy,Hybrid,4,16.735097697772442,0.12167000770568848
real_pv_load_synthetic,2025-03-19_rep00,2025-03-19,cloudy,GA (P=50),0,14.657795824615311,0.13500523567199707
real_pv_load_synthetic,2025-03-19_rep00,2025-03-19,cloudy,GA (P=50),1,14.382927589320461,0.1448516845703125
real_pv_load_synthetic,2025-03-19_rep00,2025-03-19,cloudy,GA (P=50),2,14.490429939446962,0.14029383659362793
real_pv_load_synthetic,2025-03-19_rep00,2025-03-19,cloudy,GA (P=50),3,14.785560890988762,0.13848185539245605
real_pv_load_synthetic,2025-03-19_rep00,2025-03-19,cloudy,GA (P=50),4,15.076476776883494,0.1452646255493164
real_pv_load_synthetic,2025-03-19_rep00,2025-03-19,cloudy,GA (P=100),0,14.518010061069418,0.2783679962158203
real_pv_load_synthetic,2025-03-19_rep00,2025-03-19,cloudy,GA (P=100),1,14.985819916532469,0.2839672565460205
real_pv_load_synthetic,2025-03-19_rep00,2025-03-19,cloudy,GA (P=100),2,14.529629915688139,0.2787513732910156
real_pv_load_synthetic,2025-03-19_rep00,2025-03-19,cloudy,GA (P=100),3,14.81266471475253,0.2775123119354248
real_pv_load_synthetic,2025-03-19_rep00,2025-03-19,cloudy,GA (P=100),4,14.625117951120977,0.27813053131103516
real_pv_load_synthetic,2025-03-19_rep00,2025-03-19,cloudy,PSO,0,23.857667107295917,0.10425019264221191
real_pv_load_synthetic,2025-03-19_rep00,2025-03-19,cloudy,PSO,1,25.38399021480806,0.10420465469360352
real_pv_load_synthetic,2025-03-19_rep00,2025-03-19,cloudy,PSO,2,26.25060892583108,0.10963273048400879
real_pv_load_synthetic,2025-03-19_rep00,2025-03-19,cloudy,PSO,3,22.810916439273004,0.10523223876953125
real_pv_load_synthetic,2025-03-19_rep00,2025-03-19,cloudy,PSO,4,20.731657998550837,0.10412812232971191
real_pv_load_synthetic,2025-03-19_rep00,2025-03-19,cloudy,GWO,0,15.740144125046292,0.19450092315673828
real_pv_load_synthetic,2025-03-19_rep00,2025-03-19,cloudy,GWO,1,14.695705608968284,0.19493675231933594
real_pv_load_synthetic,2025-03-19_rep00,2025-03-19,cloudy,GWO,2,15.346631053884149,0.1869053840637207
real_pv_load_synthetic,2025-03-19_rep00,2025-03-19,cloudy,GWO,3,17.576304484330826,0.19450855255126953
real_pv_load_synthetic,2025-03-19_rep00,2025-03-19,cloudy,GWO,4,14.96387350963466,0.18749260902404785
real_pv_load_synthetic,2025-03-19_rep00,2025-03-19,cloudy,Hybrid,0,20.526919999777714,0.12530899047851562
real_pv_load_synthetic,2025-03-19_rep00,2025-03-19,cloudy,Hybrid,1,17.426484576622347,0.12511920928955078
real_pv_load_synthetic,2025-03-19_rep00,2025-03-19,cloudy,Hybrid,2,25.880625972132492,0.1305069923400879
real_pv_load_synthetic,2025-03-19_rep00,2025-03-19,cloudy,Hybrid,3,19.587692300355506,0.11962485313415527
real_pv_load_synthetic,2025-03-19_rep00,2025-03-19,cloudy,Hybrid,4,18.84739954186218,0.1313796043395996
real_pv_load_synthetic,2025-05-23_rep00,2025-05-23,cloudy,GA (P=50),0,15.632860097023768,0.13895201683044434
real_pv_load_synthetic,2025-05-23_rep00,2025-05-23,cloudy,GA (P=50),1,15.409110104616369,0.1458137035369873
real_pv_load_synthetic,2025-05-23_rep00,2025-05-23,cloudy,GA (P=50),2,15.08342501448468,0.13910269737243652
real_pv_load_synthetic,2025-05-23_rep00,2025-05-23,cloudy,GA (P=50),3,15.712001434714658,0.13864660263061523
real_pv_load_synthetic,2025-05-23_rep00,2025-05-23,cloudy,GA (P=50),4,15.541003176043958,0.13935327529907227
real_pv_load_synthetic,2025-05-23_rep00,2025-05-23,cloudy,GA (P=100),0,14.7683003786512,0.27726244926452637
real_pv_load_synthetic,2025-05-23_rep00,2025-05-23,cloudy,GA (P=100),1,15.03721316759098,0.28399157524108887
real_pv_load_synthetic,2025-05-23_rep00,2025-05-23,cloudy,GA (P=100),2,14.890651090636286,0.27752685546875
real_pv_load_synthetic,2025-05-23_rep00,2025-05-23,cloudy,GA (P=100),3,15.532446217955313,0.2792503833770752
real_pv_load_synthetic,2025-05-23_rep00,2025-05-23,cloudy,GA (P=100),4,14.921392182568335,0.27040600776672363
real_pv_load_synthetic,2025-05-23_rep00,2025-05-23,cloudy,PSO,0,18.955213352676594,0.11132121086120605
real_pv_load_synthetic,2025-05-23_rep00,2025-05-23,cloudy,PSO,1,19.84845589630892,0.09698772430419922
real_pv_load_synthetic,2025-05-23_rep00,2025-05-23,cloudy,PSO,2,19.799923420689453,0.10489177703857422
real_pv_load_synthetic,2025-05-23_rep00,2025-05-23,cloudy,PSO,3,20.36432449211044,0.10626959800720215
real_pv_load_synthetic,2025-05-23_rep00,2025-05-23,cloudy,PSO,4,23.868466229701585,0.10863757133483887
real_pv_load_synthetic,2025-05-23_rep00,2025-05-23,cloudy,GWO,0,16.359759161938165,0.1871349811553955
real_pv_load_synthetic,2025-05-23_rep00,2025-05-23,cloudy,GWO,1,14.990144385865925,0.19441580772399902
real_pv_load_synthetic,2025-05-23_rep00,2025-05-23,cloudy,GWO,2,15.094352963535677,0.19444751739501953
real_pv_load_synthetic,2025-05-23_rep00,2025-05-23,cloudy,GWO,3,16.11616368115023,0.18776869773864746
real_pv_load_synthetic,2025-05-23_rep00,2025-05-23,cloudy,GWO,4,15.236461526020703,0.18724632263183594
real_pv_load_synthetic,2025-05-23_rep00,2025-05-23,cloudy,Hybrid,0,17.84486786174047,0.12528491020202637
real_pv_load_synthetic,2025-05-23_rep00,2025-05-23,cloudy,Hybrid,1,18.41346988425904,0.11783289909362793
real_pv_load_synthetic,2025-05-23_rep00,2025-05-23,cloudy,Hybrid,2,17.681309831396693,0.12535953521728516
real_pv_load_synthetic,2025-05-23_rep00,2025-05-23,cloudy,Hybrid,3,19.95066303748285,0.12483596801757812
real_pv_load_synthetic,2025-05-23_rep00,2025-05-23,cloudy,Hybrid,4,17.76487367515196,0.12472701072692871
real_pv_load_synthetic,2025-05-30_rep00,2025-05-30,cloudy,GA (P=50),0,5.604229599292458,0.13895869255065918
real_pv_load_synthetic,2025-05-30_rep00,2025-05-30,cloudy,GA (P=50),1,4.88597836740863,0.13910365104675293
real_pv_load_synthetic,2025-05-30_rep00,2025-05-30,cloudy,GA (P=50),2,5.41650907837779,0.13863182067871094
real_pv_load_synthetic,2025-05-30_rep00,2025-05-30,cloudy,GA (P=50),3,5.272229736769794,0.1458439826965332
real_pv_load_synthetic,2025-05-30_rep00,2025-05-30,cloudy,GA (P=50),4,4.840905468876526,0.13914966583251953
real_pv_load_synthetic,2025-05-30_rep00,2025-05-30,cloudy,GA (P=100),0,4.797997622222107,0.27748775482177734
real_pv_load_synthetic,2025-05-30_rep00,2025-05-30,cloudy,GA (P=100),1,4.7076025961171135,0.2847721576690674
real_pv_load_synthetic,2025-05-30_rep00,2025-05-30,cloudy,GA (P=100),2,4.796414639292097,0.27778172492980957
real_pv_load_synthetic,2025-05-30_rep00,2025-05-30,cloudy,GA (P=100),3,4.92698254913428,0.27674174308776855
real_pv_load_synthetic,2025-05-30_rep00,2025-05-30,cloudy,GA (P=100),4,4.874439289838463,0.27945947647094727
real_pv_load_synthetic,2025-05-30_rep00,2025-05-30,cloudy,PSO,0,8.194930924949317,0.10373997688293457
real_pv_load_synthetic,2025-05-30_rep00,2025-05-30,cloudy,PSO,1,8.476536112535745,0.10414743423461914
real_pv_load_synthetic,2025-05-30_rep00,2025-05-30,cloudy,PSO,2,9.191633912998007,0.10417723655700684
real_pv_load_synthetic,2025-05-30_rep00,2025-05-30,cloudy,PSO,3,10.202134497883362,0.1110992431640625
real_pv_load_synthetic,2025-05-30_rep00,2025-05-30,cloudy,PSO,4,10.168888634060114,0.10624361038208008
real_pv_load_synthetic,2025-05-30_rep00,2025-05-30,cloudy,GWO,0,4.673277561525098,0.19238758087158203
real_pv_load_synthetic,2025-05-30_rep00,2025-05-30,cloudy,GWO,1,5.0618539130798945,0.19314026832580566
real_pv_load_synthetic,2025-05-30_rep00,2025-05-30,cloudy,GWO,2,4.649807270538072,0.19549775123596191
real_pv_load_synthetic,2025-05-30_rep00,2025-05-30,cloudy,GWO,3,5.334245686516029,0.18749737739562988
real_pv_load_synthetic,2025-05-30_rep00,2025-05-30,cloudy,GWO,4,5.121484065750358,0.1944410800933838
real_pv_load_synthetic,2025-05-30_rep00,2025-05-30,cloudy,Hybrid,0,6.66981436620547,0.12502431869506836
real_pv_load_synthetic,2025-05-30_rep00,2025-05-30,cloudy,Hybrid,1,9.16922119545799,0.12498021125793457
real_pv_load_synthetic,2025-05-30_rep00,2025-05-30,cloudy,Hybrid,2,9.048350288978197,0.12538838386535645
real_pv_load_synthetic,2025-05-30_rep00,2025-05-30,cloudy,Hybrid,3,6.574301058228893,0.12733078002929688
real_pv_load_synthetic,2025-05-30_rep00,2025-05-30,cloudy,Hybrid,4,7.462491082513781,0.12279343605041504
real_pv_load_synthetic,2025-06-12_rep00,2025-06-12,summer,GA (P=50),0,2.871121787336215,0.13864445686340332
real_pv_load_synthetic,2025-06-12_rep00,2025-06-12,summer,GA (P=50),1,2.974895166455222,0.14038991928100586
real_pv_load_synthetic,2025-06-12_rep00,2025-06-12,summer,GA (P=50),2,2.426623168214508,0.14407992362976074
real_pv_load_synthetic,2025-06-12_rep00,2025-06-12,summer,GA (P=50),3,2.9402773782259013,0.1393294334411621
real_pv_load_synthetic,2025-06-12_rep00,2025-06-12,summer,GA (P=50),4,2.439610662661374,0.14441251754760742
real_pv_load_synthetic,2025-06-12_rep00,2025-06-12,summer,GA (P=100),0,2.456162781200499,0.2787768840789795
real_pv_load_synthetic,2025-06-12_rep00,2025-06-12,summer,GA (P=100),1,2.3810283143333373,0.28470396995544434
real_pv_load_synthetic,2025-06-12_rep00,2025-06-12,summer,GA (P=100),2,2.2020572701666996,0.2780470848083496
real_pv_load_synthetic,2025-06-12_rep00,2025-06-12,summer,GA (P=100),3,2.3498937402122326,0.28444576263427734
real_pv_load_synthetic,2025-06-12_rep00,2025-06-12,summer,GA (P=100),4,2.364527523846398,0.2777993679046631
real_pv_load_synthetic,2025-06-12_rep00,2025-06-12,summer,PSO,0,8.32753529580362,0.1110999584197998
real_pv_load_synthetic,2025-06-12_rep00,2025-06-12,summer,PSO,1,7.940234126025645,0.10417509078979492
real_pv_load_synthetic,2025-06-12_rep00,2025-06-12,summer,PSO,2,5.436187288596705,0.11004161834716797
real_pv_load_synthetic,2025-06-12_rep00,2025-06-12,summer,PSO,3,8.957058240432815,0.1054379940032959
real_pv_load_synthetic,2025-06-12_rep00,2025-06-12,summer,PSO,4,8.353949092048618,0.10392498970031738
real_pv_load_synthetic,2025-06-12_rep00,2025-06-12,summer,GWO,0,2.7793968790837016,0.18750286102294922
real_pv_load_synthetic,2025-06-12_rep00,2025-06-12,summer,GWO,1,3.2073866981541492,0.19340729713439941
real_pv_load_synthetic,2025-06-12_rep00,2025-06-12,summer,GWO,2,2.4233311991039135,0.188554048538208
real_pv_load_synthetic,2025-06-12_rep00,2025-06-12,summer,GWO,3,2.6166276501746673,0.19353938102722168
real_pv_load_synthetic,2025-06-12_rep00,2025-06-12,summer,GWO,4,3.317557687086488,0.19434738159179688
real_pv_load_synthetic,2025-06-12_rep00,2025-06-12,summer,Hybrid,0,6.911435437435221,0.12601184844970703
real_pv_load_synthetic,2025-06-12_rep00,2025-06-12,summer,Hybrid,1,4.624704914289052,0.12522029876708984
real_pv_load_synthetic,2025-06-12_rep00,2025-06-12,summer,Hybrid,2,4.854257224918637,0.12520623207092285
real_pv_load_synthetic,2025-06-12_rep00,2025-06-12,summer,Hybrid,3,5.971506400843125,0.13082337379455566
real_pv_load_synthetic,2025-06-12_rep00,2025-06-12,summer,Hybrid,4,7.85245988444753,0.12466883659362793
real_pv_load_synthetic,2025-06-28_rep00,2025-06-28,summer,GA (P=50),0,3.186635379150792,0.13993310928344727
real_pv_load_synthetic,2025-06-28_rep00,2025-06-28,summer,GA (P=50),1,3.1012665409484557,0.14478087425231934
real_pv_load_synthetic,2025-06-28_rep00,2025-06-28,summer,GA (P=50),2,3.047851885771662,0.1400763988494873
real_pv_load_synthetic,2025-06-28_rep00,2025-06-28,summer,GA (P=50),3,3.0756145223022746,0.13875722885131836
real_pv_load_synthetic,2025-06-28_rep00,2025-06-28,summer,GA (P=50),4,2.7623135779891808,0.14622116088867188
real_pv_load_synthetic,2025-06-28_rep00,2025-06-28,summer,GA (P=100),0,2.758467533973331,0.270449161529541
real_pv_load_synthetic,2025-06-28_rep00,2025-06-28,summer,GA (P=100),1,2.82416768166068,0.28849244117736816
real_pv_load_synthetic,2025-06-28_rep00,2025-06-28,summer,GA (P=100),2,3.0706924898575716,0.28088903427124023
real_pv_load_synthetic,2025-06-28_rep00,2025-06-28,summer,GA (P=100),3,2.724071960125069,0.30454301834106445
real_pv_load_synthetic,2025-06-28_rep00,2025-06-28,summer,GA (P=100),4,3.1345608059599686,0.28386664390563965
real_pv_load_synthetic,2025-06-28_rep00,2025-06-28,summer,PSO,0,6.600276742725138,0.10604667663574219
real_pv_load_synthetic,2025-06-28_rep00,2025-06-28,summer,PSO,1,8.341778341537536,0.10447001457214355
real_pv_load_synthetic,2025-06-28_rep00,2025-06-28,summer,PSO,2,7.275619860692815,0.10433387756347656
real_pv_load_synthetic,2025-06-28_rep00,2025-06-28,summer,PSO,3,7.930826203449832,0.10370850563049316
real_pv_load_synthetic,2025-06-28_rep00,2025-06-28,summer,PSO,4,5.238181370423092,0.10814785957336426
real_pv_load_synthetic,2025-06-28_rep00,2025-06-28,summer,GWO,0,3.4375294244395507,0.19047784805297852
real_pv_load_synthetic,2025-06-28_rep00,2025-06-28,summer,GWO,1,3.353155245357258,0.18749260902404785
real_pv_load_synthetic,2025-06-28_rep00,2025-06-28,summer,GWO,2,3.1044459937650433,0.1944282054901123
real_pv_load_synthetic,2025-06-28_rep00,2025-06-28,summer,GWO,3,2.9576578946423226,0.18776631355285645
real_pv_load_synthetic,2025-06-28_rep00,2025-06-28,summer,GWO,4,2.6467916357867676,0.19521450996398926
real_pv_load_synthetic,2025-06-28_rep00,2025-06-28,summer,Hybrid,0,5.057862858599752,0.13090872764587402
real_pv_load_synthetic,2025-06-28_rep00,2025-06-28,summer,Hybrid,1,5.367098307454046,0.125474214553833
real_pv_load_synthetic,2025-06-28_rep00,2025-06-28,summer,Hybrid,2,6.195418748958447,0.12452268600463867
real_pv_load_synthetic,2025-06-28_rep00,2025-06-28,summer,Hybrid,3,5.464179692649948,0.12529730796813965
real_pv_load_synthetic,2025-06-28_rep00,2025-06-28,summer,Hybrid,4,3.906041187432606,0.13168954849243164
real_pv_load_synthetic,2025-08-01_rep00,2025-08-01,summer,GA (P=50),0,3.8792307782098927,0.1389012336730957
real_pv_load_synthetic,2025-08-01_rep00,2025-08-01,summer,GA (P=50),1,3.6485376154799956,0.13887262344360352
real_pv_load_synthetic,2025-08-01_rep00,2025-08-01,summer,GA (P=50),2,3.356524411028832,0.1448354721069336
real_pv_load_synthetic,2025-08-01_rep00,2025-08-01,summer,GA (P=50),3,3.566398565555507,0.13985514640808105
real_pv_load_synthetic,2025-08-01_rep00,2025-08-01,summer,GA (P=50),4,4.3243357798490285,0.1451582908630371
real_pv_load_synthetic,2025-08-01_rep00,2025-08-01,summer,GA (P=100),0,2.9149393693493884,0.2790346145629883
real_pv_load_synthetic,2025-08-01_rep00,2025-08-01,summer,GA (P=100),1,3.103479886902419,0.28461456298828125
real_pv_load_synthetic,2025-08-01_rep00,2025-08-01,summer,GA (P=100),2,3.207354874357085,0.2911794185638428
real_pv_load_synthetic,2025-08-01_rep00,2025-08-01,summer,GA (P=100),3,3.115078595496401,0.2917201519012451
real_pv_load_synthetic,2025-08-01_rep00,2025-08-01,summer,GA (P=100),4,3.118757381673076,0.2922382354736328
real_pv_load_synthetic,2025-08-01_rep00,2025-08-01,summer,PSO,0,12.266255487751868,0.11106252670288086
real_pv_load_synthetic,2025-08-01_rep00,2025-08-01,summer,PSO,1,8.847280571436132,0.11226177215576172
real_pv_load_synthetic,2025-08-01_rep00,2025-08-01,summer,PSO,2,7.817355758172264,0.12404894828796387
real_pv_load_synthetic,2025-08-01_rep00,2025-08-01,summer,PSO,3,7.413917207748612,0.11742305755615234
real_pv_load_synthetic,2025-08-01_rep00,2025-08-01,summer,PSO,4,6.071805769899056,0.14086055755615234
real_pv_load_synthetic,2025-08-01_rep00,2025-08-01,summer,GWO,0,4.1662413363328055,0.3351254463195801
real_pv_load_synthetic,2025-08-01_rep00,2025-08-01,summer,GWO,1,3.9516048489796947,0.30233168601989746
real_pv_load_synthetic,2025-08-01_rep00,2025-08-01,summer,GWO,2,4.420655348719362,0.23640084266662598
real_pv_load_synthetic,2025-08-01_rep00,2025-08-01,summer,GWO,3,4.035975904548184,0.23418784141540527
real_pv_load_synthetic,2025-08-01_rep00,2025-08-01,summer,GWO,4,4.1227418426788365,0.19835305213928223
real_pv_load_synthetic,2025-08-01_rep00,2025-08-01,summer,Hybrid,0,8.086676907329045,0.12832212448120117
real_pv_load_synthetic,2025-08-01_rep00,2025-08-01,summer,Hybrid,1,5.690607199812037,0.12535762786865234
real_pv_load_synthetic,2025-08-01_rep00,2025-08-01,summer,Hybrid,2,5.806626275933487,0.1317300796508789
real_pv_load_synthetic,2025-08-01_rep00,2025-08-01,summer,Hybrid,3,7.556640342770963,0.13188838958740234
real_pv_load_synthetic,2025-08-01_rep00,2025-08-01,summer,Hybrid,4,5.539027762680985,0.13746070861816406
real_pv_load_synthetic,2025-08-22_rep00,2025-08-22,summer,GA (P=50),0,8.549478537573705,0.15084266662597656
real_pv_load_synthetic,2025-08-22_rep00,2025-08-22,summer,GA (P=50),1,8.427140821462299,0.1630558967590332
real_pv_load_synthetic,2025-08-22_rep00,2025-08-22,summer,GA (P=50),2,8.420097141707375,0.15935778617858887
real_pv_load_synthetic,2025-08-22_rep00,2025-08-22,summer,GA (P=50),3,9.151271663858951,0.15271925926208496
real_pv_load_synthetic,2025-08-22_rep00,2025-08-22,summer,GA (P=50),4,8.712869943926457,0.1531660556793213
real_pv_load_synthetic,2025-08-22_rep00,2025-08-22,summer,GA (P=100),0,8.155673529732788,0.2916860580444336
real_pv_load_synthetic,2025-08-22_rep00,2025-08-22,summer,GA (P=100),1,8.341701178463678,0.29721546173095703
real_pv_load_synthetic,2025-08-22_rep00,2025-08-22,summer,GA (P=100),2,8.413580122921775,0.2857515811920166
real_pv_load_synthetic,2025-08-22_rep00,2025-08-22,summer,GA (P=100),3,8.37823575180791,0.29168105125427246
real_pv_load_synthetic,2025-08-22_rep00,2025-08-22,summer,GA (P=100),4,8.149147098406438,0.29161739349365234
real_pv_load_synthetic,2025-08-22_rep00,2025-08-22,summer,PSO,0,13.38134201895516,0.11114811897277832
real_pv_load_synthetic,2025-08-22_rep00,2025-08-22,summer,PSO,1,13.354555866441077,0.11113333702087402
real_pv_load_synthetic,2025-08-22_rep00,2025-08-22,summer,PSO,2,12.604900883698942,0.11112093925476074
real_pv_load_synthetic,2025-08-22_rep00,2025-08-22,summer,PSO,3,12.758899054726594,0.11141085624694824
real_pv_load_synthetic,2025-08-22_rep00,2025-08-22,summer,PSO,4,11.847637647043115,0.10677027702331543
real_pv_load_synthetic,2025-08-22_rep00,2025-08-22,summer,GWO,0,8.26001646115267,0.19191598892211914
real_pv_load_synthetic,2025-08-22_rep00,2025-08-22,summer,GWO,1,8.565274747945072,0.18711042404174805
real_pv_load_synthetic,2025-08-22_rep00,2025-08-22,summer,GWO,2,8.728370876829601,0.18813109397888184
real_pv_load_synthetic,2025-08-22_rep00,2025-08-22,summer,GWO,3,8.826614128699918,0.21625161170959473
real_pv_load_synthetic,2025-08-22_rep00,2025-08-22,summer,GWO,4,8.565024612056675,0.20064830780029297
real_pv_load_synthetic,2025-08-22_rep00,2025-08-22,summer,Hybrid,0,9.649549043484344,0.13105201721191406
real_pv_load_synthetic,2025-08-22_rep00,2025-08-22,summer,Hybrid,1,11.916844940704326,0.12526178359985352
real_pv_load_synthetic,2025-08-22_rep00,2025-08-22,summer,Hybrid,2,9.60667189891554,0.12474203109741211
real_pv_load_synthetic,2025-08-22_rep00,2025-08-22,summer,Hybrid,3,12.41629219587652,0.12675189971923828
real_pv_load_synthetic,2025-08-22_rep00,2025-08-22,summer,Hybrid,4,10.504889033966238,0.12918448448181152
real_pv_load_synthetic,2025-09-01_rep00,2025-09-01,cloudy,GA (P=50),0,10.153427366980111,0.1398928165435791
real_pv_load_synthetic,2025-09-01_rep00,2025-09-01,cloudy,GA (P=50),1,9.97808745691739,0.1458437442779541
real_pv_load_synthetic,2025-09-01_rep00,2025-09-01,cloudy,GA (P=50),2,10.1526209981458,0.14585328102111816
real_pv_load_synthetic,2025-09-01_rep00,2025-09-01,cloudy,GA (P=50),3,10.621173300158118,0.1428205966949463
real_pv_load_synthetic,2025-09-01_rep00,2025-09-01,cloudy,GA (P=50),4,9.67909397556497,0.14185118675231934
real_pv_load_synthetic,2025-09-01_rep00,2025-09-01,cloudy,GA (P=100),0,9.404712300213447,0.27780795097351074
real_pv_load_synthetic,2025-09-01_rep00,2025-09-01,cloudy,GA (P=100),1,9.785123849700673,0.2851834297180176
real_pv_load_synthetic,2025-09-01_rep00,2025-09-01,cloudy,GA (P=100),2,9.415884996291814,0.2772696018218994
real_pv_load_synthetic,2025-09-01_rep00,2025-09-01,cloudy,GA (P=100),3,9.803406402016373,0.2847752571105957
real_pv_load_synthetic,2025-09-01_rep00,2025-09-01,cloudy,GA (P=100),4,9.516141549484825,0.28473711013793945
real_pv_load_synthetic,2025-09-01_rep00,2025-09-01,cloudy,PSO,0,15.823567959854756,0.1044013500213623
real_pv_load_synthetic,2025-09-01_rep00,2025-09-01,cloudy,PSO,1,15.287085310772888,0.10414505004882812
real_pv_load_synthetic,2025-09-01_rep00,2025-09-01,cloudy,PSO,2,12.592917373695354,0.10396909713745117
real_pv_load_synthetic,2025-09-01_rep00,2025-09-01,cloudy,PSO,3,14.79150617658113,0.11007356643676758
real_pv_load_synthetic,2025-09-01_rep00,2025-09-01,cloudy,PSO,4,14.953846531431088,0.10417890548706055
real_pv_load_synthetic,2025-09-01_rep00,2025-09-01,cloudy,GWO,0,10.624503131223042,0.18849706649780273
real_pv_load_synthetic,2025-09-01_rep00,2025-09-01,cloudy,GWO,1,9.875953483399304,0.19470429420471191
real_pv_load_synthetic,2025-09-01_rep00,2025-09-01,cloudy,GWO,2,11.760509423958126,0.1942148208618164
real_pv_load_synthetic,2025-09-01_rep00,2025-09-01,cloudy,GWO,3,11.383202681372738,0.1949911117553711
real_pv_load_synthetic,2025-09-01_rep00,2025-09-01,cloudy,GWO,4,10.628222535488739,0.20287346839904785
real_pv_load_synthetic,2025-09-01_rep00,2025-09-01,cloudy,Hybrid,0,11.509729635342635,0.12884879112243652
real_pv_load_synthetic,2025-09-01_rep00,2025-09-01,cloudy,Hybrid,1,16.25250913170484,0.13118863105773926
real_pv_load_synthetic,2025-09-01_rep00,2025-09-01,cloudy,Hybrid,2,13.148505366896476,0.12578558921813965
real_pv_load_synthetic,2025-09-01_rep00,2025-09-01,cloudy,Hybrid,3,11.98151316432992,0.12500214576721191
real_pv_load_synthetic,2025-09-01_rep00,2025-09-01,cloudy,Hybrid,4,11.582538006014584,0.12539029121398926
real_pv_load_synthetic,2025-09-25_rep00,2025-09-25,cloudy,GA (P=50),0,15.44539659445881,0.1454484462738037
real_pv_load_synthetic,2025-09-25_rep00,2025-09-25,cloudy,GA (P=50),1,15.988612299747567,0.13886523246765137
real_pv_load_synthetic,2025-09-25_rep00,2025-09-25,cloudy,GA (P=50),2,15.24744462428551,0.13893842697143555
real_pv_load_synthetic,2025-09-25_rep00,2025-09-25,cloudy,GA (P=50),3,14.996553131240182,0.1388404369354248
real_pv_load_synthetic,2025-09-25_rep00,2025-09-25,cloudy,GA (P=50),4,15.550622786405357,0.14582037925720215
real_pv_load_synthetic,2025-09-25_rep00,2025-09-25,cloudy,GA (P=100),0,14.905608541258864,0.2837553024291992
real_pv_load_synthetic,2025-09-25_rep00,2025-09-25,cloudy,GA (P=100),1,15.114980795951578,0.2787785530090332
real_pv_load_synthetic,2025-09-25_rep00,2025-09-25,cloudy,GA (P=100),2,15.12349848652331,0.284698486328125
real_pv_load_synthetic,2025-09-25_rep00,2025-09-25,cloudy,GA (P=100),3,15.108532518457483,0.283724308013916
real_pv_load_synthetic,2025-09-25_rep00,2025-09-25,cloudy,GA (P=100),4,14.801646822090976,0.2787802219390869
real_pv_load_synthetic,2025-09-25_rep00,2025-09-25,cloudy,PSO,0,18.1049760561394,0.11054849624633789
real_pv_load_synthetic,2025-09-25_rep00,2025-09-25,cloudy,PSO,1,19.038964944788248,0.10471630096435547
real_pv_load_synthetic,2025-09-25_rep00,2025-09-25,cloudy,PSO,2,18.76364222621332,0.10712146759033203
real_pv_load_synthetic,2025-09-25_rep00,2025-09-25,cloudy,PSO,3,18.17451957504239,0.10122919082641602
real_pv_load_synthetic,2025-09-25_rep00,2025-09-25,cloudy,PSO,4,20.10703109840092,0.11152529716491699
real_pv_load_synthetic,2025-09-25_rep00,2025-09-25,cloudy,GWO,0,16.31112834895103,0.19325017929077148
real_pv_load_synthetic,2025-09-25_rep00,2025-09-25,cloudy,GWO,1,16.2518756538504,0.1887528896331787
real_pv_load_synthetic,2025-09-25_rep00,2025-09-25,cloudy,GWO,2,16.15812369724396,0.18738317489624023
real_pv_load_synthetic,2025-09-25_rep00,2025-09-25,cloudy,GWO,3,15.91834375357647,0.19455337524414062
real_pv_load_synthetic,2025-09-25_rep00,2025-09-25,cloudy,GWO,4,15.814736915637285,0.1870424747467041
real_pv_load_synthetic,2025-09-25_rep00,2025-09-25,cloudy,Hybrid,0,16.252163327232843,0.12501740455627441
real_pv_load_synthetic,2025-09-25_rep00,2025-09-25,cloudy,Hybrid,1,15.754094912878973,0.13566946983337402
real_pv_load_synthetic,2025-09-25_rep00,2025-09-25,cloudy,Hybrid,2,18.80332024582571,0.12126564979553223
real_pv_load_synthetic,2025-09-25_rep00,2025-09-25,cloudy,Hybrid,3,16.86376119016857,0.13092422485351562
real_pv_load_synthetic,2025-09-25_rep00,2025-09-25,cloudy,Hybrid,4,17.308691460430406,0.13292431831359863
real_pv_load_synthetic,2025-11-02_rep00,2025-11-02,cloudy,GA (P=50),0,12.661350012123638,0.14582443237304688
real_pv_load_synthetic,2025-11-02_rep00,2025-11-02,cloudy,GA (P=50),1,12.43507174815333,0.1463174819946289
real_pv_load_synthetic,2025-11-02_rep00,2025-11-02,cloudy,GA (P=50),2,13.856225488247727,0.14600825309753418
real_pv_load_synthetic,2025-11-02_rep00,2025-11-02,cloudy,GA (P=50),3,12.740255983595391,0.15250945091247559
real_pv_load_synthetic,2025-11-02_rep00,2025-11-02,cloudy,GA (P=50),4,12.502404673119996,0.15150904655456543
real_pv_load_synthetic,2025-11-02_rep00,2025-11-02,cloudy,GA (P=100),0,12.317529883990256,0.2994673252105713
real_pv_load_synthetic,2025-11-02_rep00,2025-11-02,cloudy,GA (P=100),1,12.732553570011923,0.28168749809265137
real_pv_load_synthetic,2025-11-02_rep00,2025-11-02,cloudy,GA (P=100),2,12.303058109983496,0.27431511878967285
real_pv_load_synthetic,2025-11-02_rep00,2025-11-02,cloudy,GA (P=100),3,12.381868702332428,0.28458499908447266
real_pv_load_synthetic,2025-11-02_rep00,2025-11-02,cloudy,GA (P=100),4,12.435192964183086,0.2847161293029785
real_pv_load_synthetic,2025-11-02_rep00,2025-11-02,cloudy,PSO,0,16.659599407651957,0.10416078567504883
real_pv_load_synthetic,2025-11-02_rep00,2025-11-02,cloudy,PSO,1,15.628930145058074,0.1109156608581543
real_pv_load_synthetic,2025-11-02_rep00,2025-11-02,cloudy,PSO,2,16.77168383126275,0.10417437553405762
real_pv_load_synthetic,2025-11-02_rep00,2025-11-02,cloudy,PSO,3,16.286409799066384,0.1114497184753418
real_pv_load_synthetic,2025-11-02_rep00,2025-11-02,cloudy,PSO,4,16.70816002546651,0.10418224334716797
real_pv_load_synthetic,2025-11-02_rep00,2025-11-02,cloudy,GWO,0,12.918601613581684,0.1944727897644043
real_pv_load_synthetic,2025-11-02_rep00,2025-11-02,cloudy,GWO,1,12.684313508293023,0.19298529624938965
real_pv_load_synthetic,2025-11-02_rep00,2025-11-02,cloudy,GWO,2,13.687196123910486,0.1885385513305664
real_pv_load_synthetic,2025-11-02_rep00,2025-11-02,cloudy,GWO,3,12.953824405565426,0.19443297386169434
real_pv_load_synthetic,2025-11-02_rep00,2025-11-02,cloudy,GWO,4,12.465444464779532,0.19469046592712402
real_pv_load_synthetic,2025-11-02_rep00,2025-11-02,cloudy,Hybrid,0,17.164760870780604,0.12478518486022949
real_pv_load_synthetic,2025-11-02_rep00,2025-11-02,cloudy,Hybrid,1,14.926959262891732,0.12994122505187988
real_pv_load_synthetic,2025-11-02_rep00,2025-11-02,cloudy,Hybrid,2,15.921501271795591,0.13387322425842285
real_pv_load_synthetic,2025-11-02_rep00,2025-11-02,cloudy,Hybrid,3,15.685961700966525,0.1250765323638916
real_pv_load_synthetic,2025-11-02_rep00,2025-11-02,cloudy,Hybrid,4,14.98261341324687,0.1309032440185547
real_pv_load_synthetic,2025-11-30_rep00,2025-11-30,cloudy,GA (P=50),0,20.775871331056873,0.1402754783630371
real_pv_load_synthetic,2025-11-30_rep00,2025-11-30,cloudy,GA (P=50),1,20.54372514785244,0.13854193687438965
real_pv_load_synthetic,2025-11-30_rep00,2025-11-30,cloudy,GA (P=50),2,20.406145819196006,0.1447911262512207
real_pv_load_synthetic,2025-11-30_rep00,2025-11-30,cloudy,GA (P=50),3,20.224245715587436,0.13989782333374023
real_pv_load_synthetic,2025-11-30_rep00,2025-11-30,cloudy,GA (P=50),4,20.632810930397348,0.14625835418701172
real_pv_load_synthetic,2025-11-30_rep00,2025-11-30,cloudy,GA (P=100),0,20.01183032725605,0.2773611545562744
real_pv_load_synthetic,2025-11-30_rep00,2025-11-30,cloudy,GA (P=100),1,20.081369663957908,0.28510308265686035
real_pv_load_synthetic,2025-11-30_rep00,2025-11-30,cloudy,GA (P=100),2,20.188657158809132,0.27778172492980957
real_pv_load_synthetic,2025-11-30_rep00,2025-11-30,cloudy,GA (P=100),3,20.059239242332154,0.27739858627319336
real_pv_load_synthetic,2025-11-30_rep00,2025-11-30,cloudy,GA (P=100),4,20.03470387501499,0.2851102352142334
real_pv_load_synthetic,2025-11-30_rep00,2025-11-30,cloudy,PSO,0,22.489938363246072,0.10373663902282715
real_pv_load_synthetic,2025-11-30_rep00,2025-11-30,cloudy,PSO,1,23.653540564321432,0.11117315292358398
real_pv_load_synthetic,2025-11-30_rep00,2025-11-30,cloudy,PSO,2,24.148954812919396,0.10425186157226562
real_pv_load_synthetic,2025-11-30_rep00,2025-11-30,cloudy,PSO,3,22.521814063736453,0.11025404930114746
real_pv_load_synthetic,2025-11-30_rep00,2025-11-30,cloudy,PSO,4,21.98165117380273,0.10493898391723633
real_pv_load_synthetic,2025-11-30_rep00,2025-11-30,cloudy,GWO,0,19.97041364399792,0.19442343711853027
real_pv_load_synthetic,2025-11-30_rep00,2025-11-30,cloudy,GWO,1,19.872372701348873,0.19342875480651855
real_pv_load_synthetic,2025-11-30_rep00,2025-11-30,cloudy,GWO,2,19.869119218534227,0.18889212608337402
real_pv_load_synthetic,2025-11-30_rep00,2025-11-30,cloudy,GWO,3,20.088408811266344,0.19405126571655273
real_pv_load_synthetic,2025-11-30_rep00,2025-11-30,cloudy,GWO,4,19.85244632856076,0.19368863105773926
real_pv_load_synthetic,2025-11-30_rep00,2025-11-30,cloudy,Hybrid,0,22.01250591935824,0.12498259544372559
real_pv_load_synthetic,2025-11-30_rep00,2025-11-30,cloudy,Hybrid,1,21.950519147204655,0.12776446342468262
real_pv_load_synthetic,2025-11-30_rep00,2025-11-30,cloudy,Hybrid,2,22.235996236200833,0.12890386581420898
real_pv_load_synthetic,2025-11-30_rep00,2025-11-30,cloudy,Hybrid,3,22.43652324816812,0.13106584548950195
real_pv_load_synthetic,2025-11-30_rep00,2025-11-30,cloudy,Hybrid,4,21.67665853591784,0.13185763359069824
real_pv_load_synthetic,2025-12-24_rep00,2025-12-24,winter,GA (P=50),0,26.057993156917025,0.1399095058441162
real_pv_load_synthetic,2025-12-24_rep00,2025-12-24,winter,GA (P=50),1,25.641938117119587,0.13937926292419434
real_pv_load_synthetic,2025-12-24_rep00,2025-12-24,winter,GA (P=50),2,25.83893739112942,0.14585137367248535
real_pv_load_synthetic,2025-12-24_rep00,2025-12-24,winter,GA (P=50),3,25.89410596895385,0.14528703689575195
real_pv_load_synthetic,2025-12-24_rep00,2025-12-24,winter,GA (P=50),4,25.498485144417916,0.13939595222473145
real_pv_load_synthetic,2025-12-24_rep00,2025-12-24,winter,GA (P=100),0,25.251682617806196,0.28424501419067383
real_pv_load_synthetic,2025-12-24_rep00,2025-12-24,winter,GA (P=100),1,25.237896810723807,0.2841043472290039
real_pv_load_synthetic,2025-12-24_rep00,2025-12-24,winter,GA (P=100),2,24.98351060202347,0.2843210697174072
real_pv_load_synthetic,2025-12-24_rep00,2025-12-24,winter,GA (P=100),3,25.797473428186024,0.27881503105163574
real_pv_load_synthetic,2025-12-24_rep00,2025-12-24,winter,GA (P=100),4,25.236312863940505,0.2782468795776367
real_pv_load_synthetic,2025-12-24_rep00,2025-12-24,winter,PSO,0,28.68113329728482,0.10717535018920898
real_pv_load_synthetic,2025-12-24_rep00,2025-12-24,winter,PSO,1,27.912120140939365,0.10756754875183105
real_pv_load_synthetic,2025-12-24_rep00,2025-12-24,winter,PSO,2,28.22236991258015,0.10509967803955078
real_pv_load_synthetic,2025-12-24_rep00,2025-12-24,winter,PSO,3,26.384782335934148,0.10324883460998535
real_pv_load_synthetic,2025-12-24_rep00,2025-12-24,winter,PSO,4,28.417699225335596,0.10445547103881836
real_pv_load_synthetic,2025-12-24_rep00,2025-12-24,winter,GWO,0,24.325946785756205,0.19420695304870605
real_pv_load_synthetic,2025-12-24_rep00,2025-12-24,winter,GWO,1,24.344051439652837,0.18811511993408203
real_pv_load_synthetic,2025-12-24_rep00,2025-12-24,winter,GWO,2,24.913913430219257,0.19382429122924805
real_pv_load_synthetic,2025-12-24_rep00,2025-12-24,winter,GWO,3,24.329565297722052,0.18745970726013184
real_pv_load_synthetic,2025-12-24_rep00,2025-12-24,winter,GWO,4,24.49455734574102,0.19447064399719238
real_pv_load_synthetic,2025-12-24_rep00,2025-12-24,winter,Hybrid,0,25.90712557165701,0.12523508071899414
real_pv_load_synthetic,2025-12-24_rep00,2025-12-24,winter,Hybrid,1,25.89570463041124,0.12511754035949707
real_pv_load_synthetic,2025-12-24_rep00,2025-12-24,winter,Hybrid,2,25.672519981206218,0.12488722801208496
real_pv_load_synthetic,2025-12-24_rep00,2025-12-24,winter,Hybrid,3,27.60345354260218,0.12524890899658203
real_pv_load_synthetic,2025-12-24_rep00,2025-12-24,winter,Hybrid,4,25.206884055042497,0.12817621231079102
real_pv_load_synthetic,2025-12-27_rep00,2025-12-27,winter,GA (P=50),0,22.581684949264204,0.14685273170471191
real_pv_load_synthetic,2025-12-27_rep00,2025-12-27,winter,GA (P=50),1,22.42268510569619,0.14581513404846191
real_pv_load_synthetic,2025-12-27_rep00,2025-12-27,winter,GA (P=50),2,22.342442081297897,0.13890838623046875
real_pv_load_synthetic,2025-12-27_rep00,2025-12-27,winter,GA (P=50),3,22.430799397307016,0.14582109451293945
real_pv_load_synthetic,2025-12-27_rep00,2025-12-27,winter,GA (P=50),4,22.56109554957311,0.13916420936584473
real_pv_load_synthetic,2025-12-27_rep00,2025-12-27,winter,GA (P=100),0,22.07488812212863,0.2834806442260742
real_pv_load_synthetic,2025-12-27_rep00,2025-12-27,winter,GA (P=100),1,22.101403279771368,0.27925872802734375
real_pv_load_synthetic,2025-12-27_rep00,2025-12-27,winter,GA (P=100),2,22.30870490427953,0.27741408348083496
real_pv_load_synthetic,2025-12-27_rep00,2025-12-27,winter,GA (P=100),3,22.051027243930815,0.2776803970336914
real_pv_load_synthetic,2025-12-27_rep00,2025-12-27,winter,GA (P=100),4,22.139766384037713,0.28420591354370117
real_pv_load_synthetic,2025-12-27_rep00,2025-12-27,winter,PSO,0,25.86237888024958,0.1082303524017334
real_pv_load_synthetic,2025-12-27_rep00,2025-12-27,winter,PSO,1,24.479356316587648,0.12428593635559082
real_pv_load_synthetic,2025-12-27_rep00,2025-12-27,winter,PSO,2,24.531266260105305,0.10860371589660645
real_pv_load_synthetic,2025-12-27_rep00,2025-12-27,winter,PSO,3,25.916352219188532,0.13888335227966309
real_pv_load_synthetic,2025-12-27_rep00,2025-12-27,winter,PSO,4,24.591787083289624,0.11778640747070312
real_pv_load_synthetic,2025-12-27_rep00,2025-12-27,winter,GWO,0,22.142264401681484,0.20731115341186523
real_pv_load_synthetic,2025-12-27_rep00,2025-12-27,winter,GWO,1,22.470050106702722,0.2030172348022461
real_pv_load_synthetic,2025-12-27_rep00,2025-12-27,winter,GWO,2,22.648533081754398,0.20103001594543457
real_pv_load_synthetic,2025-12-27_rep00,2025-12-27,winter,GWO,3,22.40229330523679,0.21556878089904785
real_pv_load_synthetic,2025-12-27_rep00,2025-12-27,winter,GWO,4,22.18167233582796,0.20125341415405273
real_pv_load_synthetic,2025-12-27_rep00,2025-12-27,winter,Hybrid,0,22.863122681178123,0.13143396377563477
real_pv_load_synthetic,2025-12-27_rep00,2025-12-27,winter,Hybrid,1,26.929616989902172,0.13227081298828125
real_pv_load_synthetic,2025-12-27_rep00,2025-12-27,winter,Hybrid,2,24.300290785959756,0.13202142715454102
real_pv_load_synthetic,2025-12-27_rep00,2025-12-27,winter,Hybrid,3,24.197243364291733,0.12487649917602539
real_pv_load_synthetic,2025-12-27_rep00,2025-12-27,winter,Hybrid,4,23.947740294913526,0.13168573379516602
real_pv_load_real,2025-01-14_rep00,2025-01-14,winter,GA (P=50),0,23.273015211298244,0.14582324028015137
real_pv_load_real,2025-01-14_rep00,2025-01-14,winter,GA (P=50),1,24.314444977709186,0.14620590209960938
real_pv_load_real,2025-01-14_rep00,2025-01-14,winter,GA (P=50),2,23.684984156994226,0.15238118171691895
real_pv_load_real,2025-01-14_rep00,2025-01-14,winter,GA (P=50),3,23.431856402178802,0.14582490921020508
real_pv_load_real,2025-01-14_rep00,2025-01-14,winter,GA (P=50),4,23.166552875869726,0.1392519474029541
real_pv_load_real,2025-01-14_rep00,2025-01-14,winter,GA (P=100),0,23.146303706308387,0.2843763828277588
real_pv_load_real,2025-01-14_rep00,2025-01-14,winter,GA (P=100),1,22.995137312350458,0.284771203994751
real_pv_load_real,2025-01-14_rep00,2025-01-14,winter,GA (P=100),2,23.13560002264222,0.2846999168395996
real_pv_load_real,2025-01-14_rep00,2025-01-14,winter,GA (P=100),3,23.43904191863047,0.2847568988800049
real_pv_load_real,2025-01-14_rep00,2025-01-14,winter,GA (P=100),4,23.536782574061558,0.2850465774536133
real_pv_load_real,2025-01-14_rep00,2025-01-14,winter,PSO,0,28.00520557173454,0.11088037490844727
real_pv_load_real,2025-01-14_rep00,2025-01-14,winter,PSO,1,27.16425014504906,0.10402154922485352
real_pv_load_real,2025-01-14_rep00,2025-01-14,winter,PSO,2,27.443404513914246,0.11037468910217285
real_pv_load_real,2025-01-14_rep00,2025-01-14,winter,PSO,3,24.982575183008255,0.10576677322387695
real_pv_load_real,2025-01-14_rep00,2025-01-14,winter,PSO,4,29.346279059319528,0.11029362678527832
real_pv_load_real,2025-01-14_rep00,2025-01-14,winter,GWO,0,23.975808199780943,0.19473028182983398
real_pv_load_real,2025-01-14_rep00,2025-01-14,winter,GWO,1,23.388556144398546,0.1941215991973877
real_pv_load_real,2025-01-14_rep00,2025-01-14,winter,GWO,2,23.213428194383276,0.19446396827697754
real_pv_load_real,2025-01-14_rep00,2025-01-14,winter,GWO,3,23.560256450553133,0.19469428062438965
real_pv_load_real,2025-01-14_rep00,2025-01-14,winter,GWO,4,22.725249331069342,0.1941533088684082
real_pv_load_real,2025-01-14_rep00,2025-01-14,winter,Hybrid,0,24.75974523554414,0.13100481033325195
real_pv_load_real,2025-01-14_rep00,2025-01-14,winter,Hybrid,1,26.159996767989966,0.1259298324584961
real_pv_load_real,2025-01-14_rep00,2025-01-14,winter,Hybrid,2,23.959471770151264,0.1250288486480713
real_pv_load_real,2025-01-14_rep00,2025-01-14,winter,Hybrid,3,28.245038628067892,0.1319139003753662
real_pv_load_real,2025-01-14_rep00,2025-01-14,winter,Hybrid,4,24.38172578328451,0.1253058910369873
real_pv_load_real,2025-01-22_rep00,2025-01-22,winter,GA (P=50),0,33.2051853916974,0.14553499221801758
real_pv_load_real,2025-01-22_rep00,2025-01-22,winter,GA (P=50),1,31.723848802941532,0.15279936790466309
real_pv_load_real,2025-01-22_rep00,2025-01-22,winter,GA (P=50),2,32.75526164965286,0.14612531661987305
real_pv_load_real,2025-01-22_rep00,2025-01-22,winter,GA (P=50),3,33.5727447530391,0.1388564109802246
real_pv_load_real,2025-01-22_rep00,2025-01-22,winter,GA (P=50),4,33.41730746768897,0.14557313919067383
real_pv_load_real,2025-01-22_rep00,2025-01-22,winter,GA (P=100),0,32.42376427068177,0.28369617462158203
real_pv_load_real,2025-01-22_rep00,2025-01-22,winter,GA (P=100),1,32.687924970079486,0.2847299575805664
real_pv_load_real,2025-01-22_rep00,2025-01-22,winter,GA (P=100),2,32.64463671532295,0.2788431644439697
real_pv_load_real,2025-01-22_rep00,2025-01-22,winter,GA (P=100),3,32.771668998891116,0.2906475067138672
real_pv_load_real,2025-01-22_rep00,2025-01-22,winter,GA (P=100),4,32.632889455798576,0.2787613868713379
real_pv_load_real,2025-01-22_rep00,2025-01-22,winter,PSO,0,35.55534440590994,0.1044168472290039
real_pv_load_real,2025-01-22_rep00,2025-01-22,winter,PSO,1,35.50038800676557,0.1038813591003418
real_pv_load_real,2025-01-22_rep00,2025-01-22,winter,PSO,2,38.91640008846597,0.11036300659179688
real_pv_load_real,2025-01-22_rep00,2025-01-22,winter,PSO,3,37.20748182884079,0.1052088737487793
real_pv_load_real,2025-01-22_rep00,2025-01-22,winter,PSO,4,39.47288986576526,0.11037611961364746
real_pv_load_real,2025-01-22_rep00,2025-01-22,winter,GWO,0,33.445858176956335,0.18799567222595215
real_pv_load_real,2025-01-22_rep00,2025-01-22,winter,GWO,1,31.41226406230887,0.18787884712219238
real_pv_load_real,2025-01-22_rep00,2025-01-22,winter,GWO,2,31.561949939398673,0.19307637214660645
real_pv_load_real,2025-01-22_rep00,2025-01-22,winter,GWO,3,31.185117719271226,0.19590067863464355
real_pv_load_real,2025-01-22_rep00,2025-01-22,winter,GWO,4,31.025087856479303,0.19394516944885254
real_pv_load_real,2025-01-22_rep00,2025-01-22,winter,Hybrid,0,36.76968320671745,0.1325840950012207
real_pv_load_real,2025-01-22_rep00,2025-01-22,winter,Hybrid,1,35.26395612961549,0.12434196472167969
real_pv_load_real,2025-01-22_rep00,2025-01-22,winter,Hybrid,2,34.70682552915384,0.1320207118988037
real_pv_load_real,2025-01-22_rep00,2025-01-22,winter,Hybrid,3,35.42079121147982,0.13187909126281738
real_pv_load_real,2025-01-22_rep00,2025-01-22,winter,Hybrid,4,34.84702357150446,0.12549638748168945
real_pv_load_real,2025-03-17_rep00,2025-03-17,cloudy,GA (P=50),0,15.18915771226994,0.15432286262512207
real_pv_load_real,2025-03-17_rep00,2025-03-17,cloudy,GA (P=50),1,14.94340168183787,0.15282344818115234
real_pv_load_real,2025-03-17_rep00,2025-03-17,cloudy,GA (P=50),2,14.648013321372483,0.16602611541748047
real_pv_load_real,2025-03-17_rep00,2025-03-17,cloudy,GA (P=50),3,14.912129031552055,0.14585494995117188
real_pv_load_real,2025-03-17_rep00,2025-03-17,cloudy,GA (P=50),4,14.542395812408838,0.14634323120117188
real_pv_load_real,2025-03-17_rep00,2025-03-17,cloudy,GA (P=100),0,14.565757265504269,0.2845449447631836
real_pv_load_real,2025-03-17_rep00,2025-03-17,cloudy,GA (P=100),1,14.487040061525786,0.2903423309326172
real_pv_load_real,2025-03-17_rep00,2025-03-17,cloudy,GA (P=100),2,14.532505595825194,0.28571057319641113
real_pv_load_real,2025-03-17_rep00,2025-03-17,cloudy,GA (P=100),3,14.858114461720369,0.29193925857543945
real_pv_load_real,2025-03-17_rep00,2025-03-17,cloudy,GA (P=100),4,15.090987074302948,0.28368067741394043
real_pv_load_real,2025-03-17_rep00,2025-03-17,cloudy,PSO,0,19.469458990075882,0.10493779182434082
real_pv_load_real,2025-03-17_rep00,2025-03-17,cloudy,PSO,1,19.088547340202787,0.1115255355834961
real_pv_load_real,2025-03-17_rep00,2025-03-17,cloudy,PSO,2,16.04176133130607,0.10972905158996582
real_pv_load_real,2025-03-17_rep00,2025-03-17,cloudy,PSO,3,19.666508490868242,0.10515403747558594
real_pv_load_real,2025-03-17_rep00,2025-03-17,cloudy,PSO,4,19.45886577811937,0.11111664772033691
real_pv_load_real,2025-03-17_rep00,2025-03-17,cloudy,GWO,0,15.49923957260298,0.19468069076538086
real_pv_load_real,2025-03-17_rep00,2025-03-17,cloudy,GWO,1,16.031260320392587,0.20011353492736816
real_pv_load_real,2025-03-17_rep00,2025-03-17,cloudy,GWO,2,15.768255328964958,0.19545698165893555
real_pv_load_real,2025-03-17_rep00,2025-03-17,cloudy,GWO,3,15.722542794693302,0.19469833374023438
real_pv_load_real,2025-03-17_rep00,2025-03-17,cloudy,GWO,4,16.000735630940554,0.1964411735534668
real_pv_load_real,2025-03-17_rep00,2025-03-17,cloudy,Hybrid,0,16.77237096459688,0.12966084480285645
real_pv_load_real,2025-03-17_rep00,2025-03-17,cloudy,Hybrid,1,17.424369445719485,0.12526535987854004
real_pv_load_real,2025-03-17_rep00,2025-03-17,cloudy,Hybrid,2,17.63992973864124,0.12478899955749512
real_pv_load_real,2025-03-17_rep00,2025-03-17,cloudy,Hybrid,3,19.900985085856902,0.12543129920959473
real_pv_load_real,2025-03-17_rep00,2025-03-17,cloudy,Hybrid,4,16.53373921586793,0.1315450668334961
real_pv_load_real,2025-03-19_rep00,2025-03-19,cloudy,GA (P=50),0,12.467680777765715,0.14605045318603516
real_pv_load_real,2025-03-19_rep00,2025-03-19,cloudy,GA (P=50),1,11.476210737233746,0.1455833911895752
real_pv_load_real,2025-03-19_rep00,2025-03-19,cloudy,GA (P=50),2,12.605014146519347,0.14586615562438965
real_pv_load_real,2025-03-19_rep00,2025-03-19,cloudy,GA (P=50),3,13.300431581857797,0.15867900848388672
real_pv_load_real,2025-03-19_rep00,2025-03-19,cloudy,GA (P=50),4,12.414720086993386,0.14685964584350586
real_pv_load_real,2025-03-19_rep00,2025-03-19,cloudy,GA (P=100),0,11.174742598538435,0.28468966484069824
real_pv_load_real,2025-03-19_rep00,2025-03-19,cloudy,GA (P=100),1,12.083624556683127,0.2849843502044678
real_pv_load_real,2025-03-19_rep00,2025-03-19,cloudy,GA (P=100),2,12.386048116272224,0.29138755798339844
real_pv_load_real,2025-03-19_rep00,2025-03-19,cloudy,GA (P=100),3,12.000338042084104,0.2847409248352051
real_pv_load_real,2025-03-19_rep00,2025-03-19,cloudy,GA (P=100),4,11.972312060723441,0.29067373275756836
real_pv_load_real,2025-03-19_rep00,2025-03-19,cloudy,PSO,0,19.137236470341445,0.11211895942687988
real_pv_load_real,2025-03-19_rep00,2025-03-19,cloudy,PSO,1,23.22444616572907,0.11009621620178223
real_pv_load_real,2025-03-19_rep00,2025-03-19,cloudy,PSO,2,23.013768609331443,0.11233878135681152
real_pv_load_real,2025-03-19_rep00,2025-03-19,cloudy,PSO,3,17.469351267824585,0.1109323501586914
real_pv_load_real,2025-03-19_rep00,2025-03-19,cloudy,PSO,4,19.557241507963003,0.11104464530944824
real_pv_load_real,2025-03-19_rep00,2025-03-19,cloudy,GWO,0,11.904415846739706,0.19477438926696777
real_pv_load_real,2025-03-19_rep00,2025-03-19,cloudy,GWO,1,14.193839090806314,0.20041370391845703
real_pv_load_real,2025-03-19_rep00,2025-03-19,cloudy,GWO,2,12.592974578491008,0.18817496299743652
real_pv_load_real,2025-03-19_rep00,2025-03-19,cloudy,GWO,3,12.13687198379654,0.19342446327209473
real_pv_load_real,2025-03-19_rep00,2025-03-19,cloudy,GWO,4,12.629135889533716,0.18850445747375488
real_pv_load_real,2025-03-19_rep00,2025-03-19,cloudy,Hybrid,0,18.621657014449973,0.13225722312927246
real_pv_load_real,2025-03-19_rep00,2025-03-19,cloudy,Hybrid,1,17.288151600632958,0.12467265129089355
real_pv_load_real,2025-03-19_rep00,2025-03-19,cloudy,Hybrid,2,17.27272457002398,0.12527155876159668
real_pv_load_real,2025-03-19_rep00,2025-03-19,cloudy,Hybrid,3,15.503428144901967,0.13092374801635742
real_pv_load_real,2025-03-19_rep00,2025-03-19,cloudy,Hybrid,4,16.014122532573793,0.11877131462097168
real_pv_load_real,2025-05-23_rep00,2025-05-23,cloudy,GA (P=50),0,14.283588678875207,0.14510369300842285
real_pv_load_real,2025-05-23_rep00,2025-05-23,cloudy,GA (P=50),1,14.976533757043969,0.1455984115600586
real_pv_load_real,2025-05-23_rep00,2025-05-23,cloudy,GA (P=50),2,14.316800764019675,0.1398913860321045
real_pv_load_real,2025-05-23_rep00,2025-05-23,cloudy,GA (P=50),3,14.390895511539338,0.14580392837524414
real_pv_load_real,2025-05-23_rep00,2025-05-23,cloudy,GA (P=50),4,14.563644849754292,0.14612603187561035
real_pv_load_real,2025-05-23_rep00,2025-05-23,cloudy,GA (P=100),0,14.607195348630258,0.28444457054138184
real_pv_load_real,2025-05-23_rep00,2025-05-23,cloudy,GA (P=100),1,14.823321202608586,0.28508639335632324
real_pv_load_real,2025-05-23_rep00,2025-05-23,cloudy,GA (P=100),2,14.204505416423952,0.2843799591064453
real_pv_load_real,2025-05-23_rep00,2025-05-23,cloudy,GA (P=100),3,14.13010862776509,0.2839632034301758
real_pv_load_real,2025-05-23_rep00,2025-05-23,cloudy,GA (P=100),4,14.159287203702476,0.27878260612487793
real_pv_load_real,2025-05-23_rep00,2025-05-23,cloudy,PSO,0,19.64480503468112,0.11086797714233398
real_pv_load_real,2025-05-23_rep00,2025-05-23,cloudy,PSO,1,17.280065844259283,0.11136651039123535
real_pv_load_real,2025-05-23_rep00,2025-05-23,cloudy,PSO,2,16.44455388412334,0.11090302467346191
real_pv_load_real,2025-05-23_rep00,2025-05-23,cloudy,PSO,3,22.67085214671867,0.11125993728637695
real_pv_load_real,2025-05-23_rep00,2025-05-23,cloudy,PSO,4,21.30509785006698,0.11117315292358398
real_pv_load_real,2025-05-23_rep00,2025-05-23,cloudy,GWO,0,15.50369807084439,0.19445443153381348
real_pv_load_real,2025-05-23_rep00,2025-05-23,cloudy,GWO,1,15.785263903934299,0.19575166702270508
real_pv_load_real,2025-05-23_rep00,2025-05-23,cloudy,GWO,2,14.749014275801205,0.19627976417541504
real_pv_load_real,2025-05-23_rep00,2025-05-23,cloudy,GWO,3,15.882647964562175,0.1918630599975586
real_pv_load_real,2025-05-23_rep00,2025-05-23,cloudy,GWO,4,15.080450648986668,0.19360089302062988
real_pv_load_real,2025-05-23_rep00,2025-05-23,cloudy,Hybrid,0,18.68041569032616,0.1252427101135254
real_pv_load_real,2025-05-23_rep00,2025-05-23,cloudy,Hybrid,1,16.50183952759682,0.1320185661315918
real_pv_load_real,2025-05-23_rep00,2025-05-23,cloudy,Hybrid,2,18.00553908252945,0.12502741813659668
real_pv_load_real,2025-05-23_rep00,2025-05-23,cloudy,Hybrid,3,20.28616589614602,0.12553882598876953
real_pv_load_real,2025-05-23_rep00,2025-05-23,cloudy,Hybrid,4,16.406069473635885,0.12409639358520508
real_pv_load_real,2025-05-30_rep00,2025-05-30,cloudy,GA (P=50),0,4.079093746355074,0.14631080627441406
real_pv_load_real,2025-05-30_rep00,2025-05-30,cloudy,GA (P=50),1,4.278728270213015,0.14575481414794922
real_pv_load_real,2025-05-30_rep00,2025-05-30,cloudy,GA (P=50),2,3.81933120910203,0.14579391479492188
real_pv_load_real,2025-05-30_rep00,2025-05-30,cloudy,GA (P=50),3,4.359919690791241,0.14549040794372559
real_pv_load_real,2025-05-30_rep00,2025-05-30,cloudy,GA (P=50),4,4.802021692373051,0.14588236808776855
real_pv_load_real,2025-05-30_rep00,2025-05-30,cloudy,GA (P=100),0,4.07604818476038,0.29198312759399414
real_pv_load_real,2025-05-30_rep00,2025-05-30,cloudy,GA (P=100),1,4.114276863571549,0.29128599166870117
real_pv_load_real,2025-05-30_rep00,2025-05-30,cloudy,GA (P=100),2,3.907854302545536,0.2848184108734131
real_pv_load_real,2025-05-30_rep00,2025-05-30,cloudy,GA (P=100),3,4.124673176960935,0.28467679023742676
real_pv_load_real,2025-05-30_rep00,2025-05-30,cloudy,GA (P=100),4,3.934970851000496,0.2916557788848877
real_pv_load_real,2025-05-30_rep00,2025-05-30,cloudy,PSO,0,8.407281867296215,0.111419677734375
real_pv_load_real,2025-05-30_rep00,2025-05-30,cloudy,PSO,1,7.858119751010486,0.10469341278076172
real_pv_load_real,2025-05-30_rep00,2025-05-30,cloudy,PSO,2,8.190249931339675,0.11031436920166016
real_pv_load_real,2025-05-30_rep00,2025-05-30,cloudy,PSO,3,8.893818077506973,0.10415339469909668
real_pv_load_real,2025-05-30_rep00,2025-05-30,cloudy,PSO,4,8.498423739447976,0.11003613471984863
real_pv_load_real,2025-05-30_rep00,2025-05-30,cloudy,GWO,0,4.120134783520218,0.19574403762817383
real_pv_load_real,2025-05-30_rep00,2025-05-30,cloudy,GWO,1,4.602118830189719,0.19444894790649414
real_pv_load_real,2025-05-30_rep00,2025-05-30,cloudy,GWO,2,4.513192698241816,0.19443917274475098
real_pv_load_real,2025-05-30_rep00,2025-05-30,cloudy,GWO,3,4.8475587594981455,0.20116710662841797
real_pv_load_real,2025-05-30_rep00,2025-05-30,cloudy,GWO,4,4.903355026499032,0.1943979263305664
real_pv_load_real,2025-05-30_rep00,2025-05-30,cloudy,Hybrid,0,6.5472508355361025,0.12676119804382324
real_pv_load_real,2025-05-30_rep00,2025-05-30,cloudy,Hybrid,1,5.19697076943231,0.1302025318145752
real_pv_load_real,2025-05-30_rep00,2025-05-30,cloudy,Hybrid,2,6.080949454841504,0.13115620613098145
real_pv_load_real,2025-05-30_rep00,2025-05-30,cloudy,Hybrid,3,5.819775973443805,0.1257936954498291
real_pv_load_real,2025-05-30_rep00,2025-05-30,cloudy,Hybrid,4,6.141922054332348,0.13193011283874512
real_pv_load_real,2025-06-12_rep00,2025-06-12,summer,GA (P=50),0,4.135869142743475,0.14486098289489746
real_pv_load_real,2025-06-12_rep00,2025-06-12,summer,GA (P=50),1,4.238887503484039,0.1468348503112793
real_pv_load_real,2025-06-12_rep00,2025-06-12,summer,GA (P=50),2,4.001105889595641,0.13926100730895996
real_pv_load_real,2025-06-12_rep00,2025-06-12,summer,GA (P=50),3,4.216245589073438,0.14569735527038574
real_pv_load_real,2025-06-12_rep00,2025-06-12,summer,GA (P=50),4,3.82892164478699,0.1456000804901123
real_pv_load_real,2025-06-12_rep00,2025-06-12,summer,GA (P=100),0,3.605119134442097,0.2988016605377197
real_pv_load_real,2025-06-12_rep00,2025-06-12,summer,GA (P=100),1,3.5235644843523253,0.291684627532959
real_pv_load_real,2025-06-12_rep00,2025-06-12,summer,GA (P=100),2,3.9745237935687077,0.28450989723205566
real_pv_load_real,2025-06-12_rep00,2025-06-12,summer,GA (P=100),3,3.8141004646591865,0.29164719581604004
real_pv_load_real,2025-06-12_rep00,2025-06-12,summer,GA (P=100),4,3.8363050263290894,0.31296443939208984
real_pv_load_real,2025-06-12_rep00,2025-06-12,summer,PSO,0,7.7083342061624815,0.12487649917602539
real_pv_load_real,2025-06-12_rep00,2025-06-12,summer,PSO,1,7.635462913617321,0.1250450611114502
real_pv_load_real,2025-06-12_rep00,2025-06-12,summer,PSO,2,13.353850512569887,0.12495708465576172
real_pv_load_real,2025-06-12_rep00,2025-06-12,summer,PSO,3,8.916211160993727,0.12013816833496094
real_pv_load_real,2025-06-12_rep00,2025-06-12,summer,PSO,4,7.908466013923199,0.11620044708251953
real_pv_load_real,2025-06-12_rep00,2025-06-12,summer,GWO,0,5.398805068802956,0.20673775672912598
real_pv_load_real,2025-06-12_rep00,2025-06-12,summer,GWO,1,3.8452334152878835,0.19342350959777832
real_pv_load_real,2025-06-12_rep00,2025-06-12,summer,GWO,2,3.603632050528523,0.19551539421081543
real_pv_load_real,2025-06-12_rep00,2025-06-12,summer,GWO,3,4.307340768806904,0.19464707374572754
real_pv_load_real,2025-06-12_rep00,2025-06-12,summer,GWO,4,3.844988982821469,0.20137572288513184
real_pv_load_real,2025-06-12_rep00,2025-06-12,summer,Hybrid,0,6.559639050389669,0.13173127174377441
real_pv_load_real,2025-06-12_rep00,2025-06-12,summer,Hybrid,1,6.404244878324631,0.13090252876281738
real_pv_load_real,2025-06-12_rep00,2025-06-12,summer,Hybrid,2,5.467969997469286,0.1262648105621338
real_pv_load_real,2025-06-12_rep00,2025-06-12,summer,Hybrid,3,6.2566386997183985,0.13194012641906738
real_pv_load_real,2025-06-12_rep00,2025-06-12,summer,Hybrid,4,5.765638225582499,0.1249232292175293
real_pv_load_real,2025-06-28_rep00,2025-06-28,summer,GA (P=50),0,4.177216278484286,0.1459178924560547
real_pv_load_real,2025-06-28_rep00,2025-06-28,summer,GA (P=50),1,3.741124834087621,0.14561247825622559
real_pv_load_real,2025-06-28_rep00,2025-06-28,summer,GA (P=50),2,4.466870837648941,0.14611506462097168
real_pv_load_real,2025-06-28_rep00,2025-06-28,summer,GA (P=50),3,3.736258425047087,0.14554500579833984
real_pv_load_real,2025-06-28_rep00,2025-06-28,summer,GA (P=50),4,3.6344922599402176,0.14479565620422363
real_pv_load_real,2025-06-28_rep00,2025-06-28,summer,GA (P=100),0,3.7583196971527775,0.2946648597717285
real_pv_load_real,2025-06-28_rep00,2025-06-28,summer,GA (P=100),1,3.657784925716838,0.283062219619751
real_pv_load_real,2025-06-28_rep00,2025-06-28,summer,GA (P=100),2,3.873134906259182,0.2913086414337158
real_pv_load_real,2025-06-28_rep00,2025-06-28,summer,GA (P=100),3,3.513627897296576,0.28501415252685547
real_pv_load_real,2025-06-28_rep00,2025-06-28,summer,GA (P=100),4,3.760878155650928,0.29192566871643066
real_pv_load_real,2025-06-28_rep00,2025-06-28,summer,PSO,0,6.059780475334975,0.11059165000915527
real_pv_load_real,2025-06-28_rep00,2025-06-28,summer,PSO,1,8.350479226843973,0.11107158660888672
real_pv_load_real,2025-06-28_rep00,2025-06-28,summer,PSO,2,5.447149998201574,0.1059107780456543
real_pv_load_real,2025-06-28_rep00,2025-06-28,summer,PSO,3,9.714591037746676,0.10938525199890137
real_pv_load_real,2025-06-28_rep00,2025-06-28,summer,PSO,4,10.361611047781668,0.1042013168334961
real_pv_load_real,2025-06-28_rep00,2025-06-28,summer,GWO,0,4.221491743326091,0.2013101577758789
real_pv_load_real,2025-06-28_rep00,2025-06-28,summer,GWO,1,4.9949610672020315,0.19453787803649902
real_pv_load_real,2025-06-28_rep00,2025-06-28,summer,GWO,2,4.4820841847989765,0.19444489479064941
real_pv_load_real,2025-06-28_rep00,2025-06-28,summer,GWO,3,4.153961328932556,0.20135211944580078
real_pv_load_real,2025-06-28_rep00,2025-06-28,summer,GWO,4,4.1973691283328,0.19557762145996094
real_pv_load_real,2025-06-28_rep00,2025-06-28,summer,Hybrid,0,7.718981745249646,0.12384939193725586
real_pv_load_real,2025-06-28_rep00,2025-06-28,summer,Hybrid,1,5.856272144858292,0.1320023536682129
real_pv_load_real,2025-06-28_rep00,2025-06-28,summer,Hybrid,2,5.026103020533414,0.1281294822692871
real_pv_load_real,2025-06-28_rep00,2025-06-28,summer,Hybrid,3,6.255706761576352,0.1287670135498047
real_pv_load_real,2025-06-28_rep00,2025-06-28,summer,Hybrid,4,5.811476629428017,0.12525033950805664
real_pv_load_real,2025-08-01_rep00,2025-08-01,summer,GA (P=50),0,5.07242627948231,0.15154790878295898
real_pv_load_real,2025-08-01_rep00,2025-08-01,summer,GA (P=50),1,4.859348418655562,0.14683818817138672
real_pv_load_real,2025-08-01_rep00,2025-08-01,summer,GA (P=50),2,5.481766458354194,0.14618515968322754
real_pv_load_real,2025-08-01_rep00,2025-08-01,summer,GA (P=50),3,4.360557800958709,0.15282654762268066
real_pv_load_real,2025-08-01_rep00,2025-08-01,summer,GA (P=50),4,5.609880235850102,0.14567089080810547
real_pv_load_real,2025-08-01_rep00,2025-08-01,summer,GA (P=100),0,4.601724164134589,0.3053281307220459
real_pv_load_real,2025-08-01_rep00,2025-08-01,summer,GA (P=100),1,4.662184040240636,0.2985389232635498
real_pv_load_real,2025-08-01_rep00,2025-08-01,summer,GA (P=100),2,5.494211319693526,0.29787707328796387
real_pv_load_real,2025-08-01_rep00,2025-08-01,summer,GA (P=100),3,5.051349380225213,0.2854893207550049
real_pv_load_real,2025-08-01_rep00,2025-08-01,summer,GA (P=100),4,4.469739748960843,0.29761385917663574
real_pv_load_real,2025-08-01_rep00,2025-08-01,summer,PSO,0,11.631811338199157,0.10519862174987793
real_pv_load_real,2025-08-01_rep00,2025-08-01,summer,PSO,1,8.064316127526332,0.11133074760437012
real_pv_load_real,2025-08-01_rep00,2025-08-01,summer,PSO,2,13.165686227120698,0.1108555793762207
real_pv_load_real,2025-08-01_rep00,2025-08-01,summer,PSO,3,9.904299834812615,0.10443830490112305
real_pv_load_real,2025-08-01_rep00,2025-08-01,summer,PSO,4,12.523268541162082,0.11083650588989258
real_pv_load_real,2025-08-01_rep00,2025-08-01,summer,GWO,0,4.880902507362531,0.19611120223999023
real_pv_load_real,2025-08-01_rep00,2025-08-01,summer,GWO,1,4.749045707832463,0.19279265403747559
real_pv_load_real,2025-08-01_rep00,2025-08-01,summer,GWO,2,6.380672128862654,0.20143508911132812
real_pv_load_real,2025-08-01_rep00,2025-08-01,summer,GWO,3,4.898213861591571,0.1877744197845459
real_pv_load_real,2025-08-01_rep00,2025-08-01,summer,GWO,4,5.552724573915854,0.2010648250579834
real_pv_load_real,2025-08-01_rep00,2025-08-01,summer,Hybrid,0,7.677909052619594,0.12524151802062988
real_pv_load_real,2025-08-01_rep00,2025-08-01,summer,Hybrid,1,8.96455772826243,0.13170933723449707
real_pv_load_real,2025-08-01_rep00,2025-08-01,summer,Hybrid,2,6.638033062529398,0.13232827186584473
real_pv_load_real,2025-08-01_rep00,2025-08-01,summer,Hybrid,3,8.649442852900323,0.12755489349365234
real_pv_load_real,2025-08-01_rep00,2025-08-01,summer,Hybrid,4,9.219647712966053,0.1279926300048828
real_pv_load_real,2025-08-22_rep00,2025-08-22,summer,GA (P=50),0,9.49133623233052,0.1388540267944336
real_pv_load_real,2025-08-22_rep00,2025-08-22,summer,GA (P=50),1,9.881133144052745,0.15283823013305664
real_pv_load_real,2025-08-22_rep00,2025-08-22,summer,GA (P=50),2,10.032580793051872,0.14577674865722656
real_pv_load_real,2025-08-22_rep00,2025-08-22,summer,GA (P=50),3,10.186530197657632,0.1458587646484375
real_pv_load_real,2025-08-22_rep00,2025-08-22,summer,GA (P=50),4,9.75767407538979,0.1457962989807129
real_pv_load_real,2025-08-22_rep00,2025-08-22,summer,GA (P=100),0,10.12435484165393,0.30055904388427734
real_pv_load_real,2025-08-22_rep00,2025-08-22,summer,GA (P=100),1,9.489313640676835,0.2966887950897217
real_pv_load_real,2025-08-22_rep00,2025-08-22,summer,GA (P=100),2,10.016443950009778,0.2919034957885742
real_pv_load_real,2025-08-22_rep00,2025-08-22,summer,GA (P=100),3,9.709364969176535,0.29142332077026367
real_pv_load_real,2025-08-22_rep00,2025-08-22,summer,GA (P=100),4,10.363401677543548,0.2940680980682373
real_pv_load_real,2025-08-22_rep00,2025-08-22,summer,PSO,0,13.186002208060227,0.10873746871948242
real_pv_load_real,2025-08-22_rep00,2025-08-22,summer,PSO,1,11.327939678132273,0.10417819023132324
real_pv_load_real,2025-08-22_rep00,2025-08-22,summer,PSO,2,12.83460847167889,0.11002802848815918
real_pv_load_real,2025-08-22_rep00,2025-08-22,summer,PSO,3,13.321003494226314,0.10558605194091797
real_pv_load_real,2025-08-22_rep00,2025-08-22,summer,PSO,4,14.232090570197801,0.11149930953979492
real_pv_load_real,2025-08-22_rep00,2025-08-22,summer,GWO,0,11.256110263729841,0.19365549087524414
real_pv_load_real,2025-08-22_rep00,2025-08-22,summer,GWO,1,10.669433507026401,0.19483113288879395
real_pv_load_real,2025-08-22_rep00,2025-08-22,summer,GWO,2,9.953518231251971,0.1941051483154297
real_pv_load_real,2025-08-22_rep00,2025-08-22,summer,GWO,3,9.91447222350785,0.2013871669769287
real_pv_load_real,2025-08-22_rep00,2025-08-22,summer,GWO,4,9.995548492531423,0.19443368911743164
real_pv_load_real,2025-08-22_rep00,2025-08-22,summer,Hybrid,0,12.787196334853963,0.13091278076171875
real_pv_load_real,2025-08-22_rep00,2025-08-22,summer,Hybrid,1,12.74533095210378,0.12630128860473633
real_pv_load_real,2025-08-22_rep00,2025-08-22,summer,Hybrid,2,11.100555056196484,0.13198447227478027
real_pv_load_real,2025-08-22_rep00,2025-08-22,summer,Hybrid,3,11.733323244204081,0.13944482803344727
real_pv_load_real,2025-08-22_rep00,2025-08-22,summer,Hybrid,4,11.983500073588152,0.13105392456054688
real_pv_load_real,2025-09-01_rep00,2025-09-01,cloudy,GA (P=50),0,9.421612161702274,0.13890504837036133
real_pv_load_real,2025-09-01_rep00,2025-09-01,cloudy,GA (P=50),1,10.111713807935313,0.1529996395111084
real_pv_load_real,2025-09-01_rep00,2025-09-01,cloudy,GA (P=50),2,8.854349100562992,0.14948272705078125
real_pv_load_real,2025-09-01_rep00,2025-09-01,cloudy,GA (P=50),3,9.33747759723554,0.14810633659362793
real_pv_load_real,2025-09-01_rep00,2025-09-01,cloudy,GA (P=50),4,9.283686967855244,0.14705920219421387
real_pv_load_real,2025-09-01_rep00,2025-09-01,cloudy,GA (P=100),0,8.855044487657581,0.29124879837036133
real_pv_load_real,2025-09-01_rep00,2025-09-01,cloudy,GA (P=100),1,8.97747962087987,0.29885268211364746
real_pv_load_real,2025-09-01_rep00,2025-09-01,cloudy,GA (P=100),2,9.004775698202833,0.29140281677246094
real_pv_load_real,2025-09-01_rep00,2025-09-01,cloudy,GA (P=100),3,9.140910722582854,0.298856258392334
real_pv_load_real,2025-09-01_rep00,2025-09-01,cloudy,GA (P=100),4,8.699428985196063,0.29212403297424316
real_pv_load_real,2025-09-01_rep00,2025-09-01,cloudy,PSO,0,13.478216776741696,0.11064910888671875
real_pv_load_real,2025-09-01_rep00,2025-09-01,cloudy,PSO,1,20.577806905858434,0.11086392402648926
real_pv_load_real,2025-09-01_rep00,2025-09-01,cloudy,PSO,2,11.181857384430456,0.10443496704101562
real_pv_load_real,2025-09-01_rep00,2025-09-01,cloudy,PSO,3,14.82131345623581,0.11109018325805664
real_pv_load_real,2025-09-01_rep00,2025-09-01,cloudy,PSO,4,14.36871713503289,0.11113643646240234
real_pv_load_real,2025-09-01_rep00,2025-09-01,cloudy,GWO,0,9.766366353445255,0.19459033012390137
real_pv_load_real,2025-09-01_rep00,2025-09-01,cloudy,GWO,1,10.397936972329358,0.19429850578308105
real_pv_load_real,2025-09-01_rep00,2025-09-01,cloudy,GWO,2,10.360377391490433,0.19472336769104004
real_pv_load_real,2025-09-01_rep00,2025-09-01,cloudy,GWO,3,10.334245495227783,0.20110607147216797
real_pv_load_real,2025-09-01_rep00,2025-09-01,cloudy,GWO,4,10.751178968216456,0.1944408416748047
real_pv_load_real,2025-09-01_rep00,2025-09-01,cloudy,Hybrid,0,12.55532860036157,0.13193988800048828
real_pv_load_real,2025-09-01_rep00,2025-09-01,cloudy,Hybrid,1,12.81514945922088,0.1251974105834961
real_pv_load_real,2025-09-01_rep00,2025-09-01,cloudy,Hybrid,2,11.331912094922021,0.13152456283569336
real_pv_load_real,2025-09-01_rep00,2025-09-01,cloudy,Hybrid,3,11.816619915054094,0.1321430206298828
real_pv_load_real,2025-09-01_rep00,2025-09-01,cloudy,Hybrid,4,11.01657584948168,0.1250300407409668
real_pv_load_real,2025-09-25_rep00,2025-09-25,cloudy,GA (P=50),0,14.469728109292525,0.14588594436645508
real_pv_load_real,2025-09-25_rep00,2025-09-25,cloudy,GA (P=50),1,13.917987571314015,0.1457524299621582
real_pv_load_real,2025-09-25_rep00,2025-09-25,cloudy,GA (P=50),2,14.300820708839527,0.14587998390197754
real_pv_load_real,2025-09-25_rep00,2025-09-25,cloudy,GA (P=50),3,14.024505841499076,0.15155696868896484
real_pv_load_real,2025-09-25_rep00,2025-09-25,cloudy,GA (P=50),4,14.49724971883184,0.14700651168823242
real_pv_load_real,2025-09-25_rep00,2025-09-25,cloudy,GA (P=100),0,13.921903120673399,0.2884969711303711
real_pv_load_real,2025-09-25_rep00,2025-09-25,cloudy,GA (P=100),1,13.963699894057038,0.3016233444213867
real_pv_load_real,2025-09-25_rep00,2025-09-25,cloudy,GA (P=100),2,13.896223356300625,0.2992229461669922
real_pv_load_real,2025-09-25_rep00,2025-09-25,cloudy,GA (P=100),3,13.801537057512297,0.2912771701812744
real_pv_load_real,2025-09-25_rep00,2025-09-25,cloudy,GA (P=100),4,13.72270965471556,0.29732632637023926
real_pv_load_real,2025-09-25_rep00,2025-09-25,cloudy,PSO,0,19.22414035119929,0.1054830551147461
real_pv_load_real,2025-09-25_rep00,2025-09-25,cloudy,PSO,1,16.35253165592672,0.10976743698120117
real_pv_load_real,2025-09-25_rep00,2025-09-25,cloudy,PSO,2,19.753204886892224,0.10531377792358398
real_pv_load_real,2025-09-25_rep00,2025-09-25,cloudy,PSO,3,18.478527684746886,0.11097002029418945
real_pv_load_real,2025-09-25_rep00,2025-09-25,cloudy,PSO,4,18.078550736022898,0.11111855506896973
real_pv_load_real,2025-09-25_rep00,2025-09-25,cloudy,GWO,0,14.157640284401527,0.19443702697753906
real_pv_load_real,2025-09-25_rep00,2025-09-25,cloudy,GWO,1,14.519058158136223,0.19452118873596191
real_pv_load_real,2025-09-25_rep00,2025-09-25,cloudy,GWO,2,14.35650670866192,0.1948530673980713
real_pv_load_real,2025-09-25_rep00,2025-09-25,cloudy,GWO,3,14.422672675121284,0.19434523582458496
real_pv_load_real,2025-09-25_rep00,2025-09-25,cloudy,GWO,4,15.46290280066396,0.1945018768310547
real_pv_load_real,2025-09-25_rep00,2025-09-25,cloudy,Hybrid,0,16.332266952137267,0.1315312385559082
real_pv_load_real,2025-09-25_rep00,2025-09-25,cloudy,Hybrid,1,17.246368906687692,0.13219237327575684
real_pv_load_real,2025-09-25_rep00,2025-09-25,cloudy,Hybrid,2,17.649486679910613,0.12496352195739746
real_pv_load_real,2025-09-25_rep00,2025-09-25,cloudy,Hybrid,3,16.811500810195504,0.13171005249023438
real_pv_load_real,2025-09-25_rep00,2025-09-25,cloudy,Hybrid,4,18.33920480635049,0.13117599487304688
real_pv_load_real,2025-11-02_rep00,2025-11-02,cloudy,GA (P=50),0,10.859286979503574,0.1458728313446045
real_pv_load_real,2025-11-02_rep00,2025-11-02,cloudy,GA (P=50),1,10.837192531585657,0.14689016342163086
real_pv_load_real,2025-11-02_rep00,2025-11-02,cloudy,GA (P=50),2,10.295166045923807,0.15254783630371094
real_pv_load_real,2025-11-02_rep00,2025-11-02,cloudy,GA (P=50),3,10.890675479151582,0.14604568481445312
real_pv_load_real,2025-11-02_rep00,2025-11-02,cloudy,GA (P=50),4,13.025889210774807,0.14905214309692383
real_pv_load_real,2025-11-02_rep00,2025-11-02,cloudy,GA (P=100),0,10.554540726768563,0.2881467342376709
real_pv_load_real,2025-11-02_rep00,2025-11-02,cloudy,GA (P=100),1,10.461273349447927,0.3098917007446289
real_pv_load_real,2025-11-02_rep00,2025-11-02,cloudy,GA (P=100),2,10.406490399388225,0.2945261001586914
real_pv_load_real,2025-11-02_rep00,2025-11-02,cloudy,GA (P=100),3,10.434062537052032,0.3013153076171875
real_pv_load_real,2025-11-02_rep00,2025-11-02,cloudy,GA (P=100),4,10.242446842640014,0.2958869934082031
real_pv_load_real,2025-11-02_rep00,2025-11-02,cloudy,PSO,0,15.43728103624041,0.11090731620788574
real_pv_load_real,2025-11-02_rep00,2025-11-02,cloudy,PSO,1,14.599792725352511,0.1111290454864502
real_pv_load_real,2025-11-02_rep00,2025-11-02,cloudy,PSO,2,15.703094951287188,0.11004137992858887
real_pv_load_real,2025-11-02_rep00,2025-11-02,cloudy,PSO,3,13.910810094983812,0.10518527030944824
real_pv_load_real,2025-11-02_rep00,2025-11-02,cloudy,PSO,4,15.655102210655476,0.11165595054626465
real_pv_load_real,2025-11-02_rep00,2025-11-02,cloudy,GWO,0,11.608587481447683,0.19423294067382812
real_pv_load_real,2025-11-02_rep00,2025-11-02,cloudy,GWO,1,11.508595884650731,0.1943669319152832
real_pv_load_real,2025-11-02_rep00,2025-11-02,cloudy,GWO,2,11.36191273900533,0.20034432411193848
real_pv_load_real,2025-11-02_rep00,2025-11-02,cloudy,GWO,3,11.320430253954774,0.19525623321533203
real_pv_load_real,2025-11-02_rep00,2025-11-02,cloudy,GWO,4,11.70032683835258,0.2016153335571289
real_pv_load_real,2025-11-02_rep00,2025-11-02,cloudy,Hybrid,0,14.986781131094235,0.12517309188842773
real_pv_load_real,2025-11-02_rep00,2025-11-02,cloudy,Hybrid,1,13.82652003110776,0.13053679466247559
real_pv_load_real,2025-11-02_rep00,2025-11-02,cloudy,Hybrid,2,13.613457783984941,0.12624001502990723
real_pv_load_real,2025-11-02_rep00,2025-11-02,cloudy,Hybrid,3,11.630777333934372,0.13167333602905273
real_pv_load_real,2025-11-02_rep00,2025-11-02,cloudy,Hybrid,4,14.403794268002459,0.12538599967956543
real_pv_load_real,2025-11-30_rep00,2025-11-30,cloudy,GA (P=50),0,18.518383742445646,0.1454615592956543
real_pv_load_real,2025-11-30_rep00,2025-11-30,cloudy,GA (P=50),1,18.685952231202485,0.1457967758178711
real_pv_load_real,2025-11-30_rep00,2025-11-30,cloudy,GA (P=50),2,18.483223118168965,0.14611530303955078
real_pv_load_real,2025-11-30_rep00,2025-11-30,cloudy,GA (P=50),3,18.44921763765809,0.14562654495239258
real_pv_load_real,2025-11-30_rep00,2025-11-30,cloudy,GA (P=50),4,18.600745969743073,0.1458115577697754
real_pv_load_real,2025-11-30_rep00,2025-11-30,cloudy,GA (P=100),0,18.12157817675983,0.2988302707672119
real_pv_load_real,2025-11-30_rep00,2025-11-30,cloudy,GA (P=100),1,18.26082227779021,0.34003400802612305
real_pv_load_real,2025-11-30_rep00,2025-11-30,cloudy,GA (P=100),2,18.449671173185095,0.3336937427520752
real_pv_load_real,2025-11-30_rep00,2025-11-30,cloudy,GA (P=100),3,18.26749352645995,0.32665467262268066
real_pv_load_real,2025-11-30_rep00,2025-11-30,cloudy,GA (P=100),4,18.246021568806103,0.3110189437866211
real_pv_load_real,2025-11-30_rep00,2025-11-30,cloudy,PSO,0,21.347250261293528,0.11371803283691406
real_pv_load_real,2025-11-30_rep00,2025-11-30,cloudy,PSO,1,21.770213209446563,0.11631584167480469
real_pv_load_real,2025-11-30_rep00,2025-11-30,cloudy,PSO,2,21.706965528857157,0.11139774322509766
real_pv_load_real,2025-11-30_rep00,2025-11-30,cloudy,PSO,3,20.21546610294255,0.11108541488647461
real_pv_load_real,2025-11-30_rep00,2025-11-30,cloudy,PSO,4,21.46828385462362,0.11778378486633301
real_pv_load_real,2025-11-30_rep00,2025-11-30,cloudy,GWO,0,17.93855226776695,0.19487547874450684
real_pv_load_real,2025-11-30_rep00,2025-11-30,cloudy,GWO,1,18.26338930901804,0.19405150413513184
real_pv_load_real,2025-11-30_rep00,2025-11-30,cloudy,GWO,2,17.929276924015408,0.1944103240966797
real_pv_load_real,2025-11-30_rep00,2025-11-30,cloudy,GWO,3,17.968427177281967,0.19344735145568848
real_pv_load_real,2025-11-30_rep00,2025-11-30,cloudy,GWO,4,18.17906912771356,0.19444799423217773
real_pv_load_real,2025-11-30_rep00,2025-11-30,cloudy,Hybrid,0,19.910598606068454,0.1260066032409668
real_pv_load_real,2025-11-30_rep00,2025-11-30,cloudy,Hybrid,1,19.84356457888119,0.12498617172241211
real_pv_load_real,2025-11-30_rep00,2025-11-30,cloudy,Hybrid,2,20.44053556147348,0.13221049308776855
real_pv_load_real,2025-11-30_rep00,2025-11-30,cloudy,Hybrid,3,20.901425393834877,0.1316525936126709
real_pv_load_real,2025-11-30_rep00,2025-11-30,cloudy,Hybrid,4,19.260486097723142,0.12502813339233398
real_pv_load_real,2025-12-24_rep00,2025-12-24,winter,GA (P=50),0,19.53022704721657,0.14608383178710938
real_pv_load_real,2025-12-24_rep00,2025-12-24,winter,GA (P=50),1,19.811091254481074,0.13896417617797852
real_pv_load_real,2025-12-24_rep00,2025-12-24,winter,GA (P=50),2,19.17007555593722,0.1465473175048828
real_pv_load_real,2025-12-24_rep00,2025-12-24,winter,GA (P=50),3,18.537240950411892,0.1438150405883789
real_pv_load_real,2025-12-24_rep00,2025-12-24,winter,GA (P=50),4,19.316055732697418,0.13990426063537598
real_pv_load_real,2025-12-24_rep00,2025-12-24,winter,GA (P=100),0,19.38514502747273,0.29163646697998047
real_pv_load_real,2025-12-24_rep00,2025-12-24,winter,GA (P=100),1,18.934439614260718,0.2916882038116455
real_pv_load_real,2025-12-24_rep00,2025-12-24,winter,GA (P=100),2,19.20674146590705,0.29860830307006836
real_pv_load_real,2025-12-24_rep00,2025-12-24,winter,GA (P=100),3,19.57701328681933,0.29059863090515137
real_pv_load_real,2025-12-24_rep00,2025-12-24,winter,GA (P=100),4,19.49969242924284,0.2860105037689209
real_pv_load_real,2025-12-24_rep00,2025-12-24,winter,PSO,0,20.432530964196964,0.10776996612548828
real_pv_load_real,2025-12-24_rep00,2025-12-24,winter,PSO,1,22.382178087427963,0.10731172561645508
real_pv_load_real,2025-12-24_rep00,2025-12-24,winter,PSO,2,23.15128879224783,0.1110830307006836
real_pv_load_real,2025-12-24_rep00,2025-12-24,winter,PSO,3,19.87821850959427,0.10415768623352051
real_pv_load_real,2025-12-24_rep00,2025-12-24,winter,PSO,4,19.806761094689143,0.11166524887084961
real_pv_load_real,2025-12-24_rep00,2025-12-24,winter,GWO,0,18.282156067987355,0.19388103485107422
real_pv_load_real,2025-12-24_rep00,2025-12-24,winter,GWO,1,17.92104638300869,0.20146417617797852
real_pv_load_real,2025-12-24_rep00,2025-12-24,winter,GWO,2,17.91088217084196,0.19468474388122559
real_pv_load_real,2025-12-24_rep00,2025-12-24,winter,GWO,3,18.115575549199896,0.19417262077331543
real_pv_load_real,2025-12-24_rep00,2025-12-24,winter,GWO,4,17.96503475674694,0.20136547088623047
real_pv_load_real,2025-12-24_rep00,2025-12-24,winter,Hybrid,0,21.118540236034015,0.1252295970916748
real_pv_load_real,2025-12-24_rep00,2025-12-24,winter,Hybrid,1,20.26100969089054,0.1309337615966797
real_pv_load_real,2025-12-24_rep00,2025-12-24,winter,Hybrid,2,20.158635319968162,0.12576842308044434
real_pv_load_real,2025-12-24_rep00,2025-12-24,winter,Hybrid,3,20.682375822529288,0.12538719177246094
real_pv_load_real,2025-12-24_rep00,2025-12-24,winter,Hybrid,4,21.258849376647433,0.13181591033935547
real_pv_load_real,2025-12-27_rep00,2025-12-27,winter,GA (P=50),0,15.540791207908514,0.1457993984222412
real_pv_load_real,2025-12-27_rep00,2025-12-27,winter,GA (P=50),1,15.180104416164347,0.14560675621032715
real_pv_load_real,2025-12-27_rep00,2025-12-27,winter,GA (P=50),2,15.63954407218403,0.13913488388061523
real_pv_load_real,2025-12-27_rep00,2025-12-27,winter,GA (P=50),3,15.355124491187523,0.14561700820922852
real_pv_load_real,2025-12-27_rep00,2025-12-27,winter,GA (P=50),4,15.512459143267893,0.1460423469543457
real_pv_load_real,2025-12-27_rep00,2025-12-27,winter,GA (P=100),0,15.149474627105018,0.28453755378723145
real_pv_load_real,2025-12-27_rep00,2025-12-27,winter,GA (P=100),1,15.111680759069607,0.2847003936767578
real_pv_load_real,2025-12-27_rep00,2025-12-27,winter,GA (P=100),2,15.068734715491626,0.2916567325592041
real_pv_load_real,2025-12-27_rep00,2025-12-27,winter,GA (P=100),3,15.06577611383101,0.2916724681854248
real_pv_load_real,2025-12-27_rep00,2025-12-27,winter,GA (P=100),4,15.079048320338908,0.28469133377075195
real_pv_load_real,2025-12-27_rep00,2025-12-27,winter,PSO,0,18.11178062041784,0.11148190498352051
real_pv_load_real,2025-12-27_rep00,2025-12-27,winter,PSO,1,18.87236966613866,0.10379934310913086
real_pv_load_real,2025-12-27_rep00,2025-12-27,winter,PSO,2,17.813962637329954,0.11113834381103516
real_pv_load_real,2025-12-27_rep00,2025-12-27,winter,PSO,3,17.143452894495,0.1114816665649414
real_pv_load_real,2025-12-27_rep00,2025-12-27,winter,PSO,4,18.401355560227447,0.10375618934631348
real_pv_load_real,2025-12-27_rep00,2025-12-27,winter,GWO,0,15.588386697461484,0.20037484169006348
real_pv_load_real,2025-12-27_rep00,2025-12-27,winter,GWO,1,15.188954193823763,0.19106554985046387
real_pv_load_real,2025-12-27_rep00,2025-12-27,winter,GWO,2,15.32468115894589,0.19195818901062012
real_pv_load_real,2025-12-27_rep00,2025-12-27,winter,GWO,3,15.334944250479731,0.19463539123535156
real_pv_load_real,2025-12-27_rep00,2025-12-27,winter,GWO,4,15.48802565261855,0.19443225860595703
real_pv_load_real,2025-12-27_rep00,2025-12-27,winter,Hybrid,0,18.020869040691117,0.13070011138916016
real_pv_load_real,2025-12-27_rep00,2025-12-27,winter,Hybrid,1,18.101321851190956,0.12600183486938477
real_pv_load_real,2025-12-27_rep00,2025-12-27,winter,Hybrid,2,18.29816611702748,0.1310286521911621
real_pv_load_real,2025-12-27_rep00,2025-12-27,winter,Hybrid,3,17.49090753003568,0.12614083290100098
real_pv_load_real,2025-12-27_rep00,2025-12-27,winter,Hybrid,4,17.770135524117634,0.13173842430114746
synthetic_pv_load_synthetic,2025-01-14_rep00,2025-01-14,winter,GA (P=50),0,26.90662708657299,0.13912034034729004
synthetic_pv_load_synthetic,2025-01-14_rep00,2025-01-14,winter,GA (P=50),1,27.51394348051262,0.15293240547180176
synthetic_pv_load_synthetic,2025-01-14_rep00,2025-01-14,winter,GA (P=50),2,27.443979967679663,0.1457996368408203
synthetic_pv_load_synthetic,2025-01-14_rep00,2025-01-14,winter,GA (P=50),3,27.843673527709626,0.15141654014587402
synthetic_pv_load_synthetic,2025-01-14_rep00,2025-01-14,winter,GA (P=50),4,27.351538567906832,0.14712190628051758
synthetic_pv_load_synthetic,2025-01-14_rep00,2025-01-14,winter,GA (P=100),0,26.198909535976195,0.2913804054260254
synthetic_pv_load_synthetic,2025-01-14_rep00,2025-01-14,winter,GA (P=100),1,26.96112054250248,0.2986733913421631
synthetic_pv_load_synthetic,2025-01-14_rep00,2025-01-14,winter,GA (P=100),2,26.61227619492804,0.30550408363342285
synthetic_pv_load_synthetic,2025-01-14_rep00,2025-01-14,winter,GA (P=100),3,26.351445590879035,0.2988913059234619
synthetic_pv_load_synthetic,2025-01-14_rep00,2025-01-14,winter,GA (P=100),4,26.636333984405535,0.2983272075653076
synthetic_pv_load_synthetic,2025-01-14_rep00,2025-01-14,winter,PSO,0,30.05633038649838,0.10417723655700684
synthetic_pv_load_synthetic,2025-01-14_rep00,2025-01-14,winter,PSO,1,30.814253798977592,0.11112332344055176
synthetic_pv_load_synthetic,2025-01-14_rep00,2025-01-14,winter,PSO,2,30.846260895499636,0.11029601097106934
synthetic_pv_load_synthetic,2025-01-14_rep00,2025-01-14,winter,PSO,3,31.95968706603563,0.10519242286682129
synthetic_pv_load_synthetic,2025-01-14_rep00,2025-01-14,winter,PSO,4,31.72042850852957,0.11007452011108398
synthetic_pv_load_synthetic,2025-01-14_rep00,2025-01-14,winter,GWO,0,27.29493944928999,0.19524884223937988
synthetic_pv_load_synthetic,2025-01-14_rep00,2025-01-14,winter,GWO,1,27.299954684408398,0.19441795349121094
synthetic_pv_load_synthetic,2025-01-14_rep00,2025-01-14,winter,GWO,2,27.404800339605664,0.19448232650756836
synthetic_pv_load_synthetic,2025-01-14_rep00,2025-01-14,winter,GWO,3,26.64821647002389,0.20162725448608398
synthetic_pv_load_synthetic,2025-01-14_rep00,2025-01-14,winter,GWO,4,27.728558999476437,0.19443321228027344
synthetic_pv_load_synthetic,2025-01-14_rep00,2025-01-14,winter,Hybrid,0,30.834889099166713,0.13164997100830078
synthetic_pv_load_synthetic,2025-01-14_rep00,2025-01-14,winter,Hybrid,1,29.749260524162086,0.12504029273986816
synthetic_pv_load_synthetic,2025-01-14_rep00,2025-01-14,winter,Hybrid,2,33.395239345519165,0.13220524787902832
synthetic_pv_load_synthetic,2025-01-14_rep00,2025-01-14,winter,Hybrid,3,28.107462031294677,0.1247720718383789
synthetic_pv_load_synthetic,2025-01-14_rep00,2025-01-14,winter,Hybrid,4,30.69855936411799,0.13466286659240723
synthetic_pv_load_synthetic,2025-01-22_rep00,2025-01-22,winter,GA (P=50),0,31.55407646840325,0.1430835723876953
synthetic_pv_load_synthetic,2025-01-22_rep00,2025-01-22,winter,GA (P=50),1,32.34242149135818,0.14594030380249023
synthetic_pv_load_synthetic,2025-01-22_rep00,2025-01-22,winter,GA (P=50),2,32.218070520137324,0.14571452140808105
synthetic_pv_load_synthetic,2025-01-22_rep00,2025-01-22,winter,GA (P=50),3,33.28126878777071,0.15281105041503906
synthetic_pv_load_synthetic,2025-01-22_rep00,2025-01-22,winter,GA (P=50),4,31.678344618721095,0.14581942558288574
synthetic_pv_load_synthetic,2025-01-22_rep00,2025-01-22,winter,GA (P=100),0,32.59516199394028,0.2916755676269531
synthetic_pv_load_synthetic,2025-01-22_rep00,2025-01-22,winter,GA (P=100),1,31.671917042409728,0.2919943332672119
synthetic_pv_load_synthetic,2025-01-22_rep00,2025-01-22,winter,GA (P=100),2,31.995191373431943,0.2986104488372803
synthetic_pv_load_synthetic,2025-01-22_rep00,2025-01-22,winter,GA (P=100),3,31.887886080754466,0.2982621192932129
synthetic_pv_load_synthetic,2025-01-22_rep00,2025-01-22,winter,GA (P=100),4,32.180200475010885,0.29498887062072754
synthetic_pv_load_synthetic,2025-01-22_rep00,2025-01-22,winter,PSO,0,40.12484212665118,0.11006784439086914
synthetic_pv_load_synthetic,2025-01-22_rep00,2025-01-22,winter,PSO,1,34.39456624492672,0.10886335372924805
synthetic_pv_load_synthetic,2025-01-22_rep00,2025-01-22,winter,PSO,2,38.37480719410284,0.11723875999450684
synthetic_pv_load_synthetic,2025-01-22_rep00,2025-01-22,winter,PSO,3,36.15145878150086,0.10534286499023438
synthetic_pv_load_synthetic,2025-01-22_rep00,2025-01-22,winter,PSO,4,35.20225783030801,0.11074161529541016
synthetic_pv_load_synthetic,2025-01-22_rep00,2025-01-22,winter,GWO,0,32.73371072630101,0.1944587230682373
synthetic_pv_load_synthetic,2025-01-22_rep00,2025-01-22,winter,GWO,1,33.08764448682003,0.19446849822998047
synthetic_pv_load_synthetic,2025-01-22_rep00,2025-01-22,winter,GWO,2,33.68646385616494,0.1944584846496582
synthetic_pv_load_synthetic,2025-01-22_rep00,2025-01-22,winter,GWO,3,32.87341804020428,0.19475817680358887
synthetic_pv_load_synthetic,2025-01-22_rep00,2025-01-22,winter,GWO,4,32.59508359952213,0.19405031204223633
synthetic_pv_load_synthetic,2025-01-22_rep00,2025-01-22,winter,Hybrid,0,38.28049391822174,0.13119983673095703
synthetic_pv_load_synthetic,2025-01-22_rep00,2025-01-22,winter,Hybrid,1,33.45958363369078,0.13265514373779297
synthetic_pv_load_synthetic,2025-01-22_rep00,2025-01-22,winter,Hybrid,2,34.429651398811906,0.1252577304840088
synthetic_pv_load_synthetic,2025-01-22_rep00,2025-01-22,winter,Hybrid,3,35.11856167048146,0.124786376953125
synthetic_pv_load_synthetic,2025-01-22_rep00,2025-01-22,winter,Hybrid,4,35.82079569822596,0.13216257095336914
synthetic_pv_load_synthetic,2025-03-17_rep00,2025-03-17,cloudy,GA (P=50),0,9.065106171847887,0.14584898948669434
synthetic_pv_load_synthetic,2025-03-17_rep00,2025-03-17,cloudy,GA (P=50),1,9.020363535157879,0.1455996036529541
synthetic_pv_load_synthetic,2025-03-17_rep00,2025-03-17,cloudy,GA (P=50),2,9.691841668432703,0.14604806900024414
synthetic_pv_load_synthetic,2025-03-17_rep00,2025-03-17,cloudy,GA (P=50),3,9.215657343398787,0.1525561809539795
synthetic_pv_load_synthetic,2025-03-17_rep00,2025-03-17,cloudy,GA (P=50),4,9.150580746947611,0.14582586288452148
synthetic_pv_load_synthetic,2025-03-17_rep00,2025-03-17,cloudy,GA (P=100),0,8.82729268447276,0.29865121841430664
synthetic_pv_load_synthetic,2025-03-17_rep00,2025-03-17,cloudy,GA (P=100),1,9.48727448452919,0.2921712398529053
synthetic_pv_load_synthetic,2025-03-17_rep00,2025-03-17,cloudy,GA (P=100),2,8.956469071214876,0.29804182052612305
synthetic_pv_load_synthetic,2025-03-17_rep00,2025-03-17,cloudy,GA (P=100),3,8.742823784964365,0.29196882247924805
synthetic_pv_load_synthetic,2025-03-17_rep00,2025-03-17,cloudy,GA (P=100),4,9.005614351115973,0.29736995697021484
synthetic_pv_load_synthetic,2025-03-17_rep00,2025-03-17,cloudy,PSO,0,12.88344732240417,0.10511970520019531
synthetic_pv_load_synthetic,2025-03-17_rep00,2025-03-17,cloudy,PSO,1,14.01514313835088,0.11706900596618652
synthetic_pv_load_synthetic,2025-03-17_rep00,2025-03-17,cloudy,PSO,2,14.343902478356789,0.11214089393615723
synthetic_pv_load_synthetic,2025-03-17_rep00,2025-03-17,cloudy,PSO,3,16.415831613122577,0.11134624481201172
synthetic_pv_load_synthetic,2025-03-17_rep00,2025-03-17,cloudy,PSO,4,12.538650388621223,0.11087465286254883
synthetic_pv_load_synthetic,2025-03-17_rep00,2025-03-17,cloudy,GWO,0,9.895633724771155,0.19481849670410156
synthetic_pv_load_synthetic,2025-03-17_rep00,2025-03-17,cloudy,GWO,1,9.315741287857678,0.19404101371765137
synthetic_pv_load_synthetic,2025-03-17_rep00,2025-03-17,cloudy,GWO,2,9.60325949665178,0.19483518600463867
synthetic_pv_load_synthetic,2025-03-17_rep00,2025-03-17,cloudy,GWO,3,10.575612520812607,0.19408655166625977
synthetic_pv_load_synthetic,2025-03-17_rep00,2025-03-17,cloudy,GWO,4,9.571953323536931,0.20138120651245117
synthetic_pv_load_synthetic,2025-03-17_rep00,2025-03-17,cloudy,Hybrid,0,11.179133546155635,0.1319897174835205
synthetic_pv_load_synthetic,2025-03-17_rep00,2025-03-17,cloudy,Hybrid,1,11.656585240204093,0.12495851516723633
synthetic_pv_load_synthetic,2025-03-17_rep00,2025-03-17,cloudy,Hybrid,2,14.871351935195271,0.12665891647338867
synthetic_pv_load_synthetic,2025-03-17_rep00,2025-03-17,cloudy,Hybrid,3,13.859144987899763,0.12353086471557617
synthetic_pv_load_synthetic,2025-03-17_rep00,2025-03-17,cloudy,Hybrid,4,12.836845954655828,0.13209080696105957
synthetic_pv_load_synthetic,2025-03-19_rep00,2025-03-19,cloudy,GA (P=50),0,15.307687811079706,0.1445155143737793
synthetic_pv_load_synthetic,2025-03-19_rep00,2025-03-19,cloudy,GA (P=50),1,15.801856780107109,0.1471400260925293
synthetic_pv_load_synthetic,2025-03-19_rep00,2025-03-19,cloudy,GA (P=50),2,15.078432993183176,0.1455073356628418
synthetic_pv_load_synthetic,2025-03-19_rep00,2025-03-19,cloudy,GA (P=50),3,14.320733393922167,0.14578533172607422
synthetic_pv_load_synthetic,2025-03-19_rep00,2025-03-19,cloudy,GA (P=50),4,15.23176057347058,0.15179944038391113
synthetic_pv_load_synthetic,2025-03-19_rep00,2025-03-19,cloudy,GA (P=100),0,14.608827696718555,0.2926766872406006
synthetic_pv_load_synthetic,2025-03-19_rep00,2025-03-19,cloudy,GA (P=100),1,14.659028817319186,0.28514719009399414
synthetic_pv_load_synthetic,2025-03-19_rep00,2025-03-19,cloudy,GA (P=100),2,14.979991759568803,0.29877376556396484
synthetic_pv_load_synthetic,2025-03-19_rep00,2025-03-19,cloudy,GA (P=100),3,14.657378015070984,0.2980818748474121
synthetic_pv_load_synthetic,2025-03-19_rep00,2025-03-19,cloudy,GA (P=100),4,14.785852480443973,0.29184818267822266
synthetic_pv_load_synthetic,2025-03-19_rep00,2025-03-19,cloudy,PSO,0,21.611591893114642,0.11289453506469727
synthetic_pv_load_synthetic,2025-03-19_rep00,2025-03-19,cloudy,PSO,1,20.45210030185045,0.1112673282623291
synthetic_pv_load_synthetic,2025-03-19_rep00,2025-03-19,cloudy,PSO,2,18.559950402874524,0.11188983917236328
synthetic_pv_load_synthetic,2025-03-19_rep00,2025-03-19,cloudy,PSO,3,22.347484949451953,0.11144113540649414
synthetic_pv_load_synthetic,2025-03-19_rep00,2025-03-19,cloudy,PSO,4,22.543896542990527,0.11078286170959473
synthetic_pv_load_synthetic,2025-03-19_rep00,2025-03-19,cloudy,GWO,0,16.006140824245676,0.19443845748901367
synthetic_pv_load_synthetic,2025-03-19_rep00,2025-03-19,cloudy,GWO,1,15.526516761236147,0.1944890022277832
synthetic_pv_load_synthetic,2025-03-19_rep00,2025-03-19,cloudy,GWO,2,15.964986786036222,0.19627833366394043
synthetic_pv_load_synthetic,2025-03-19_rep00,2025-03-19,cloudy,GWO,3,15.581925885969737,0.19280624389648438
synthetic_pv_load_synthetic,2025-03-19_rep00,2025-03-19,cloudy,GWO,4,17.111222147297646,0.1941986083984375
synthetic_pv_load_synthetic,2025-03-19_rep00,2025-03-19,cloudy,Hybrid,0,18.18179877717155,0.1322009563446045
synthetic_pv_load_synthetic,2025-03-19_rep00,2025-03-19,cloudy,Hybrid,1,19.741627714854545,0.12480473518371582
synthetic_pv_load_synthetic,2025-03-19_rep00,2025-03-19,cloudy,Hybrid,2,20.95597161355227,0.1309351921081543
synthetic_pv_load_synthetic,2025-03-19_rep00,2025-03-19,cloudy,Hybrid,3,17.333151656060256,0.127854585647583
synthetic_pv_load_synthetic,2025-03-19_rep00,2025-03-19,cloudy,Hybrid,4,20.04269734350029,0.12336349487304688
synthetic_pv_load_synthetic,2025-05-23_rep00,2025-05-23,cloudy,GA (P=50),0,10.140178790041379,0.14589905738830566
synthetic_pv_load_synthetic,2025-05-23_rep00,2025-05-23,cloudy,GA (P=50),1,9.574210838512894,0.14583277702331543
synthetic_pv_load_synthetic,2025-05-23_rep00,2025-05-23,cloudy,GA (P=50),2,9.72238132518366,0.15246844291687012
synthetic_pv_load_synthetic,2025-05-23_rep00,2025-05-23,cloudy,GA (P=50),3,10.173140807335217,0.15306615829467773
synthetic_pv_load_synthetic,2025-05-23_rep00,2025-05-23,cloudy,GA (P=50),4,9.199695504112293,0.1737346649169922
synthetic_pv_load_synthetic,2025-05-23_rep00,2025-05-23,cloudy,GA (P=100),0,9.589634130122242,0.3263835906982422
synthetic_pv_load_synthetic,2025-05-23_rep00,2025-05-23,cloudy,GA (P=100),1,9.497104379348677,0.31902384757995605
synthetic_pv_load_synthetic,2025-05-23_rep00,2025-05-23,cloudy,GA (P=100),2,9.434855162005757,0.30456066131591797
synthetic_pv_load_synthetic,2025-05-23_rep00,2025-05-23,cloudy,GA (P=100),3,9.671600455234568,0.2988917827606201
synthetic_pv_load_synthetic,2025-05-23_rep00,2025-05-23,cloudy,GA (P=100),4,9.842336077878537,0.2934236526489258
synthetic_pv_load_synthetic,2025-05-23_rep00,2025-05-23,cloudy,PSO,0,20.46006019743464,0.11034440994262695
synthetic_pv_load_synthetic,2025-05-23_rep00,2025-05-23,cloudy,PSO,1,15.195145246360152,0.11084294319152832
synthetic_pv_load_synthetic,2025-05-23_rep00,2025-05-23,cloudy,PSO,2,13.57175056609078,0.11111664772033691
synthetic_pv_load_synthetic,2025-05-23_rep00,2025-05-23,cloudy,PSO,3,12.10141135515121,0.1113290786743164
synthetic_pv_load_synthetic,2025-05-23_rep00,2025-05-23,cloudy,PSO,4,17.198454787904776,0.114593505859375
synthetic_pv_load_synthetic,2025-05-23_rep00,2025-05-23,cloudy,GWO,0,10.779654420505416,0.19473004341125488
synthetic_pv_load_synthetic,2025-05-23_rep00,2025-05-23,cloudy,GWO,1,9.984531545727217,0.19667410850524902
synthetic_pv_load_synthetic,2025-05-23_rep00,2025-05-23,cloudy,GWO,2,9.932593444145262,0.19540023803710938
synthetic_pv_load_synthetic,2025-05-23_rep00,2025-05-23,cloudy,GWO,3,11.506813828044942,0.1942291259765625
synthetic_pv_load_synthetic,2025-05-23_rep00,2025-05-23,cloudy,GWO,4,11.430081504595632,0.19446229934692383
synthetic_pv_load_synthetic,2025-05-23_rep00,2025-05-23,cloudy,Hybrid,0,12.16935773785438,0.13783550262451172
synthetic_pv_load_synthetic,2025-05-23_rep00,2025-05-23,cloudy,Hybrid,1,11.910188357731583,0.12630009651184082
synthetic_pv_load_synthetic,2025-05-23_rep00,2025-05-23,cloudy,Hybrid,2,11.605080610519735,0.13165521621704102
synthetic_pv_load_synthetic,2025-05-23_rep00,2025-05-23,cloudy,Hybrid,3,13.749266827711152,0.1252272129058838
synthetic_pv_load_synthetic,2025-05-23_rep00,2025-05-23,cloudy,Hybrid,4,14.305056025463246,0.13170528411865234
synthetic_pv_load_synthetic,2025-05-30_rep00,2025-05-30,cloudy,GA (P=50),0,8.55842988625098,0.13888287544250488
synthetic_pv_load_synthetic,2025-05-30_rep00,2025-05-30,cloudy,GA (P=50),1,8.76391555525503,0.15178847312927246
synthetic_pv_load_synthetic,2025-05-30_rep00,2025-05-30,cloudy,GA (P=50),2,9.000457868876948,0.14709234237670898
synthetic_pv_load_synthetic,2025-05-30_rep00,2025-05-30,cloudy,GA (P=50),3,8.80222766062677,0.14880633354187012
synthetic_pv_load_synthetic,2025-05-30_rep00,2025-05-30,cloudy,GA (P=50),4,9.212781788530364,0.14981889724731445
synthetic_pv_load_synthetic,2025-05-30_rep00,2025-05-30,cloudy,GA (P=100),0,8.361246551141159,0.29144883155822754
synthetic_pv_load_synthetic,2025-05-30_rep00,2025-05-30,cloudy,GA (P=100),1,8.770964046238827,0.29190611839294434
synthetic_pv_load_synthetic,2025-05-30_rep00,2025-05-30,cloudy,GA (P=100),2,8.483087331882123,0.30527305603027344
synthetic_pv_load_synthetic,2025-05-30_rep00,2025-05-30,cloudy,GA (P=100),3,8.399502439927259,0.2916569709777832
synthetic_pv_load_synthetic,2025-05-30_rep00,2025-05-30,cloudy,GA (P=100),4,8.432715134219633,0.29863882064819336
synthetic_pv_load_synthetic,2025-05-30_rep00,2025-05-30,cloudy,PSO,0,10.475149853968517,0.11111783981323242
synthetic_pv_load_synthetic,2025-05-30_rep00,2025-05-30,cloudy,PSO,1,13.653177879253535,0.1113290786743164
synthetic_pv_load_synthetic,2025-05-30_rep00,2025-05-30,cloudy,PSO,2,15.692654229823063,0.11087155342102051
synthetic_pv_load_synthetic,2025-05-30_rep00,2025-05-30,cloudy,PSO,3,12.686018120360282,0.11135554313659668
synthetic_pv_load_synthetic,2025-05-30_rep00,2025-05-30,cloudy,PSO,4,14.168980534970549,0.11087942123413086
synthetic_pv_load_synthetic,2025-05-30_rep00,2025-05-30,cloudy,GWO,0,9.161626833351512,0.19469404220581055
synthetic_pv_load_synthetic,2025-05-30_rep00,2025-05-30,cloudy,GWO,1,9.273092894013205,0.19417285919189453
synthetic_pv_load_synthetic,2025-05-30_rep00,2025-05-30,cloudy,GWO,2,8.34640632525649,0.18776369094848633
synthetic_pv_load_synthetic,2025-05-30_rep00,2025-05-30,cloudy,GWO,3,8.775294081058371,0.19446372985839844
synthetic_pv_load_synthetic,2025-05-30_rep00,2025-05-30,cloudy,GWO,4,9.440183654916469,0.1941666603088379
synthetic_pv_load_synthetic,2025-05-30_rep00,2025-05-30,cloudy,Hybrid,0,10.165704473596351,0.12523746490478516
synthetic_pv_load_synthetic,2025-05-30_rep00,2025-05-30,cloudy,Hybrid,1,12.698842079729044,0.13165497779846191
synthetic_pv_load_synthetic,2025-05-30_rep00,2025-05-30,cloudy,Hybrid,2,9.70546714175374,0.1250457763671875
synthetic_pv_load_synthetic,2025-05-30_rep00,2025-05-30,cloudy,Hybrid,3,10.462641187375988,0.13197731971740723
synthetic_pv_load_synthetic,2025-05-30_rep00,2025-05-30,cloudy,Hybrid,4,11.298062032815565,0.12525033950805664
synthetic_pv_load_synthetic,2025-06-12_rep00,2025-06-12,summer,GA (P=50),0,9.178246281529367,0.1455693244934082
synthetic_pv_load_synthetic,2025-06-12_rep00,2025-06-12,summer,GA (P=50),1,8.899881195393053,0.14615392684936523
synthetic_pv_load_synthetic,2025-06-12_rep00,2025-06-12,summer,GA (P=50),2,9.007876859735948,0.1419668197631836
synthetic_pv_load_synthetic,2025-06-12_rep00,2025-06-12,summer,GA (P=50),3,8.234791079527986,0.1424872875213623
synthetic_pv_load_synthetic,2025-06-12_rep00,2025-06-12,summer,GA (P=50),4,9.063748826457624,0.14579534530639648
synthetic_pv_load_synthetic,2025-06-12_rep00,2025-06-12,summer,GA (P=100),0,8.732907029265649,0.2846870422363281
synthetic_pv_load_synthetic,2025-06-12_rep00,2025-06-12,summer,GA (P=100),1,8.495422149112564,0.2906954288482666
synthetic_pv_load_synthetic,2025-06-12_rep00,2025-06-12,summer,GA (P=100),2,7.885067738936501,0.27907347679138184
synthetic_pv_load_synthetic,2025-06-12_rep00,2025-06-12,summer,GA (P=100),3,8.265639970311037,0.30556321144104004
synthetic_pv_load_synthetic,2025-06-12_rep00,2025-06-12,summer,GA (P=100),4,7.891733228955183,0.29036664962768555
synthetic_pv_load_synthetic,2025-06-12_rep00,2025-06-12,summer,PSO,0,15.147143807818775,0.11208105087280273
synthetic_pv_load_synthetic,2025-06-12_rep00,2025-06-12,summer,PSO,1,12.487384202927851,0.11115050315856934
synthetic_pv_load_synthetic,2025-06-12_rep00,2025-06-12,summer,PSO,2,15.993235711591606,0.11104965209960938
synthetic_pv_load_synthetic,2025-06-12_rep00,2025-06-12,summer,PSO,3,13.512489975080765,0.11384749412536621
synthetic_pv_load_synthetic,2025-06-12_rep00,2025-06-12,summer,PSO,4,14.86879078592272,0.10860133171081543
synthetic_pv_load_synthetic,2025-06-12_rep00,2025-06-12,summer,GWO,0,8.91938342291557,0.19426560401916504
synthetic_pv_load_synthetic,2025-06-12_rep00,2025-06-12,summer,GWO,1,7.967577679565281,0.20057439804077148
synthetic_pv_load_synthetic,2025-06-12_rep00,2025-06-12,summer,GWO,2,9.796900027130496,0.19525575637817383
synthetic_pv_load_synthetic,2025-06-12_rep00,2025-06-12,summer,GWO,3,8.320222419697611,0.19773578643798828
synthetic_pv_load_synthetic,2025-06-12_rep00,2025-06-12,summer,GWO,4,9.205481930705368,0.1983320713043213
synthetic_pv_load_synthetic,2025-06-12_rep00,2025-06-12,summer,Hybrid,0,10.465825069871961,0.1249837875366211
synthetic_pv_load_synthetic,2025-06-12_rep00,2025-06-12,summer,Hybrid,1,15.192184077332945,0.131727933883667
synthetic_pv_load_synthetic,2025-06-12_rep00,2025-06-12,summer,Hybrid,2,10.28804042765531,0.1252434253692627
synthetic_pv_load_synthetic,2025-06-12_rep00,2025-06-12,summer,Hybrid,3,11.67000164952327,0.13196778297424316
synthetic_pv_load_synthetic,2025-06-12_rep00,2025-06-12,summer,Hybrid,4,9.19245565601236,0.12507152557373047
synthetic_pv_load_synthetic,2025-06-28_rep00,2025-06-28,summer,GA (P=50),0,7.309114131001878,0.14569807052612305
synthetic_pv_load_synthetic,2025-06-28_rep00,2025-06-28,summer,GA (P=50),1,7.403859549423205,0.1456127166748047
synthetic_pv_load_synthetic,2025-06-28_rep00,2025-06-28,summer,GA (P=50),2,7.616024451840101,0.14581942558288574
synthetic_pv_load_synthetic,2025-06-28_rep00,2025-06-28,summer,GA (P=50),3,7.365730162975585,0.14490699768066406
synthetic_pv_load_synthetic,2025-06-28_rep00,2025-06-28,summer,GA (P=50),4,7.263892003611309,0.13983511924743652
synthetic_pv_load_synthetic,2025-06-28_rep00,2025-06-28,summer,GA (P=100),0,7.270876940947803,0.28501033782958984
synthetic_pv_load_synthetic,2025-06-28_rep00,2025-06-28,summer,GA (P=100),1,7.189358918708033,0.28440213203430176
synthetic_pv_load_synthetic,2025-06-28_rep00,2025-06-28,summer,GA (P=100),2,7.218608320308587,0.2850198745727539
synthetic_pv_load_synthetic,2025-06-28_rep00,2025-06-28,summer,GA (P=100),3,7.142226777072772,0.298337459564209
synthetic_pv_load_synthetic,2025-06-28_rep00,2025-06-28,summer,GA (P=100),4,7.240705722808971,0.28495359420776367
synthetic_pv_load_synthetic,2025-06-28_rep00,2025-06-28,summer,PSO,0,10.87127562521112,0.10392117500305176
synthetic_pv_load_synthetic,2025-06-28_rep00,2025-06-28,summer,PSO,1,9.917919946829752,0.1111593246459961
synthetic_pv_load_synthetic,2025-06-28_rep00,2025-06-28,summer,PSO,2,11.088583264980414,0.11029481887817383
synthetic_pv_load_synthetic,2025-06-28_rep00,2025-06-28,summer,PSO,3,10.46046346566679,0.1051473617553711
synthetic_pv_load_synthetic,2025-06-28_rep00,2025-06-28,summer,PSO,4,9.833464330237238,0.11089682579040527
synthetic_pv_load_synthetic,2025-06-28_rep00,2025-06-28,summer,GWO,0,7.251967096049039,0.20162725448608398
synthetic_pv_load_synthetic,2025-06-28_rep00,2025-06-28,summer,GWO,1,7.708250260787392,0.19421148300170898
synthetic_pv_load_synthetic,2025-06-28_rep00,2025-06-28,summer,GWO,2,7.882004411968109,0.19445037841796875
synthetic_pv_load_synthetic,2025-06-28_rep00,2025-06-28,summer,GWO,3,7.279721772650356,0.20038270950317383
synthetic_pv_load_synthetic,2025-06-28_rep00,2025-06-28,summer,GWO,4,7.568407755489762,0.18851733207702637
synthetic_pv_load_synthetic,2025-06-28_rep00,2025-06-28,summer,Hybrid,0,9.158412763553711,0.13216090202331543
synthetic_pv_load_synthetic,2025-06-28_rep00,2025-06-28,summer,Hybrid,1,10.901578096041554,0.13170337677001953
synthetic_pv_load_synthetic,2025-06-28_rep00,2025-06-28,summer,Hybrid,2,8.437005536969249,0.12501907348632812
synthetic_pv_load_synthetic,2025-06-28_rep00,2025-06-28,summer,Hybrid,3,10.390902234388337,0.13217926025390625
synthetic_pv_load_synthetic,2025-06-28_rep00,2025-06-28,summer,Hybrid,4,8.633218368589835,0.13168096542358398
synthetic_pv_load_synthetic,2025-08-01_rep00,2025-08-01,summer,GA (P=50),0,8.267255517148671,0.1446995735168457
synthetic_pv_load_synthetic,2025-08-01_rep00,2025-08-01,summer,GA (P=50),1,7.7486208027899135,0.14697933197021484
synthetic_pv_load_synthetic,2025-08-01_rep00,2025-08-01,summer,GA (P=50),2,8.667709996930254,0.1461474895477295
synthetic_pv_load_synthetic,2025-08-01_rep00,2025-08-01,summer,GA (P=50),3,7.85325812588068,0.15247464179992676
synthetic_pv_load_synthetic,2025-08-01_rep00,2025-08-01,summer,GA (P=50),4,7.905888194210573,0.14583563804626465
synthetic_pv_load_synthetic,2025-08-01_rep00,2025-08-01,summer,GA (P=100),0,7.813606520118217,0.28471875190734863
synthetic_pv_load_synthetic,2025-08-01_rep00,2025-08-01,summer,GA (P=100),1,7.63172445301532,0.29765868186950684
synthetic_pv_load_synthetic,2025-08-01_rep00,2025-08-01,summer,GA (P=100),2,7.871966460543486,0.28570556640625
synthetic_pv_load_synthetic,2025-08-01_rep00,2025-08-01,summer,GA (P=100),3,7.941797341839435,0.2985954284667969
synthetic_pv_load_synthetic,2025-08-01_rep00,2025-08-01,summer,GA (P=100),4,7.900564961026351,0.29189467430114746
synthetic_pv_load_synthetic,2025-08-01_rep00,2025-08-01,summer,PSO,0,15.701620376359632,0.11114311218261719
synthetic_pv_load_synthetic,2025-08-01_rep00,2025-08-01,summer,PSO,1,16.61847016766359,0.10984182357788086
synthetic_pv_load_synthetic,2025-08-01_rep00,2025-08-01,summer,PSO,2,11.179360203673212,0.10559630393981934
synthetic_pv_load_synthetic,2025-08-01_rep00,2025-08-01,summer,PSO,3,11.627201061325934,0.11069750785827637
synthetic_pv_load_synthetic,2025-08-01_rep00,2025-08-01,summer,PSO,4,11.045191100536275,0.1044778823852539
synthetic_pv_load_synthetic,2025-08-01_rep00,2025-08-01,summer,GWO,0,8.708273871155505,0.19414877891540527
synthetic_pv_load_synthetic,2025-08-01_rep00,2025-08-01,summer,GWO,1,8.198920143178894,0.20037293434143066
synthetic_pv_load_synthetic,2025-08-01_rep00,2025-08-01,summer,GWO,2,10.417515930290747,0.18845152854919434
synthetic_pv_load_synthetic,2025-08-01_rep00,2025-08-01,summer,GWO,3,8.327947038976642,0.1947340965270996
synthetic_pv_load_synthetic,2025-08-01_rep00,2025-08-01,summer,GWO,4,7.853271971294876,0.19420218467712402
synthetic_pv_load_synthetic,2025-08-01_rep00,2025-08-01,summer,Hybrid,0,11.862593367737828,0.12804555892944336
synthetic_pv_load_synthetic,2025-08-01_rep00,2025-08-01,summer,Hybrid,1,13.116361704609478,0.12225604057312012
synthetic_pv_load_synthetic,2025-08-01_rep00,2025-08-01,summer,Hybrid,2,12.971700382717275,0.13187479972839355
synthetic_pv_load_synthetic,2025-08-01_rep00,2025-08-01,summer,Hybrid,3,9.252071403210447,0.12475752830505371
synthetic_pv_load_synthetic,2025-08-01_rep00,2025-08-01,summer,Hybrid,4,10.782386752544456,0.13091182708740234
synthetic_pv_load_synthetic,2025-08-22_rep00,2025-08-22,summer,GA (P=50),0,6.2638391328543275,0.13993597030639648
synthetic_pv_load_synthetic,2025-08-22_rep00,2025-08-22,summer,GA (P=50),1,6.836110080066337,0.1521761417388916
synthetic_pv_load_synthetic,2025-08-22_rep00,2025-08-22,summer,GA (P=50),2,6.583674751882777,0.14536547660827637
synthetic_pv_load_synthetic,2025-08-22_rep00,2025-08-22,summer,GA (P=50),3,6.474970123661191,0.14621639251708984
synthetic_pv_load_synthetic,2025-08-22_rep00,2025-08-22,summer,GA (P=50),4,6.376633208233032,0.14675450325012207
synthetic_pv_load_synthetic,2025-08-22_rep00,2025-08-22,summer,GA (P=100),0,6.488343235711901,0.29140281677246094
synthetic_pv_load_synthetic,2025-08-22_rep00,2025-08-22,summer,GA (P=100),1,6.1481499740056815,0.2978482246398926
synthetic_pv_load_synthetic,2025-08-22_rep00,2025-08-22,summer,GA (P=100),2,6.419461057555732,0.2901620864868164
synthetic_pv_load_synthetic,2025-08-22_rep00,2025-08-22,summer,GA (P=100),3,6.458701656674591,0.2908313274383545
synthetic_pv_load_synthetic,2025-08-22_rep00,2025-08-22,summer,GA (P=100),4,6.368622612532624,0.29480457305908203
synthetic_pv_load_synthetic,2025-08-22_rep00,2025-08-22,summer,PSO,0,10.79349360462857,0.1115412712097168
synthetic_pv_load_synthetic,2025-08-22_rep00,2025-08-22,summer,PSO,1,10.625078437051215,0.10399723052978516
synthetic_pv_load_synthetic,2025-08-22_rep00,2025-08-22,summer,PSO,2,11.582245511177247,0.11120986938476562
synthetic_pv_load_synthetic,2025-08-22_rep00,2025-08-22,summer,PSO,3,13.933103674730862,0.10377621650695801
synthetic_pv_load_synthetic,2025-08-22_rep00,2025-08-22,summer,PSO,4,13.445466743677944,0.10547423362731934
synthetic_pv_load_synthetic,2025-08-22_rep00,2025-08-22,summer,GWO,0,7.6277125989334875,0.19336915016174316
synthetic_pv_load_synthetic,2025-08-22_rep00,2025-08-22,summer,GWO,1,7.388078656911288,0.1944730281829834
synthetic_pv_load_synthetic,2025-08-22_rep00,2025-08-22,summer,GWO,2,6.836645820095388,0.19466066360473633
synthetic_pv_load_synthetic,2025-08-22_rep00,2025-08-22,summer,GWO,3,6.683971028232281,0.19434309005737305
synthetic_pv_load_synthetic,2025-08-22_rep00,2025-08-22,summer,GWO,4,6.452300977781297,0.1930551528930664
synthetic_pv_load_synthetic,2025-08-22_rep00,2025-08-22,summer,Hybrid,0,8.359084272927086,0.12604832649230957
synthetic_pv_load_synthetic,2025-08-22_rep00,2025-08-22,summer,Hybrid,1,7.869307039807323,0.13112139701843262
synthetic_pv_load_synthetic,2025-08-22_rep00,2025-08-22,summer,Hybrid,2,8.548341319857741,0.12580084800720215
synthetic_pv_load_synthetic,2025-08-22_rep00,2025-08-22,summer,Hybrid,3,8.286333625295265,0.13026213645935059
synthetic_pv_load_synthetic,2025-08-22_rep00,2025-08-22,summer,Hybrid,4,8.446600681290708,0.12697815895080566
synthetic_pv_load_synthetic,2025-09-01_rep00,2025-09-01,cloudy,GA (P=50),0,10.982635942677675,0.14474940299987793
synthetic_pv_load_synthetic,2025-09-01_rep00,2025-09-01,cloudy,GA (P=50),1,11.5961289637146,0.14665699005126953
synthetic_pv_load_synthetic,2025-09-01_rep00,2025-09-01,cloudy,GA (P=50),2,11.499140744391653,0.14658689498901367
synthetic_pv_load_synthetic,2025-09-01_rep00,2025-09-01,cloudy,GA (P=50),3,10.83290233381842,0.14551305770874023
synthetic_pv_load_synthetic,2025-09-01_rep00,2025-09-01,cloudy,GA (P=50),4,11.403484927607082,0.14561128616333008
synthetic_pv_load_synthetic,2025-09-01_rep00,2025-09-01,cloudy,GA (P=100),0,11.092339000878788,0.2914397716522217
synthetic_pv_load_synthetic,2025-09-01_rep00,2025-09-01,cloudy,GA (P=100),1,11.142751775221758,0.29063963890075684
synthetic_pv_load_synthetic,2025-09-01_rep00,2025-09-01,cloudy,GA (P=100),2,10.915772223607428,0.29290342330932617
synthetic_pv_load_synthetic,2025-09-01_rep00,2025-09-01,cloudy,GA (P=100),3,10.604187754257817,0.28497958183288574
synthetic_pv_load_synthetic,2025-09-01_rep00,2025-09-01,cloudy,GA (P=100),4,10.595010582538873,0.3002777099609375
synthetic_pv_load_synthetic,2025-09-01_rep00,2025-09-01,cloudy,PSO,0,17.283575485579284,0.10201096534729004
synthetic_pv_load_synthetic,2025-09-01_rep00,2025-09-01,cloudy,PSO,1,17.771950362395426,0.11030006408691406
synthetic_pv_load_synthetic,2025-09-01_rep00,2025-09-01,cloudy,PSO,2,15.539098194221356,0.11088871955871582
synthetic_pv_load_synthetic,2025-09-01_rep00,2025-09-01,cloudy,PSO,3,17.673664354661927,0.10549545288085938
synthetic_pv_load_synthetic,2025-09-01_rep00,2025-09-01,cloudy,PSO,4,15.878411929825639,0.11002397537231445
synthetic_pv_load_synthetic,2025-09-01_rep00,2025-09-01,cloudy,GWO,0,12.417056912394372,0.19420337677001953
synthetic_pv_load_synthetic,2025-09-01_rep00,2025-09-01,cloudy,GWO,1,10.915933536137636,0.1885225772857666
synthetic_pv_load_synthetic,2025-09-01_rep00,2025-09-01,cloudy,GWO,2,10.75850105347797,0.1944904327392578
synthetic_pv_load_synthetic,2025-09-01_rep00,2025-09-01,cloudy,GWO,3,11.153774793242185,0.1948082447052002
synthetic_pv_load_synthetic,2025-09-01_rep00,2025-09-01,cloudy,GWO,4,11.963113984406014,0.19440603256225586
synthetic_pv_load_synthetic,2025-09-01_rep00,2025-09-01,cloudy,Hybrid,0,15.768750132421857,0.12487649917602539
synthetic_pv_load_synthetic,2025-09-01_rep00,2025-09-01,cloudy,Hybrid,1,12.020000171483439,0.13094615936279297
synthetic_pv_load_synthetic,2025-09-01_rep00,2025-09-01,cloudy,Hybrid,2,13.11131185568969,0.12609171867370605
synthetic_pv_load_synthetic,2025-09-01_rep00,2025-09-01,cloudy,Hybrid,3,15.159262121251196,0.1316976547241211
synthetic_pv_load_synthetic,2025-09-01_rep00,2025-09-01,cloudy,Hybrid,4,13.188135334930442,0.14484333992004395
synthetic_pv_load_synthetic,2025-09-25_rep00,2025-09-25,cloudy,GA (P=50),0,10.216918753621727,0.16789722442626953
synthetic_pv_load_synthetic,2025-09-25_rep00,2025-09-25,cloudy,GA (P=50),1,10.48707768780098,0.16131925582885742
synthetic_pv_load_synthetic,2025-09-25_rep00,2025-09-25,cloudy,GA (P=50),2,11.04860159814788,0.1651308536529541
synthetic_pv_load_synthetic,2025-09-25_rep00,2025-09-25,cloudy,GA (P=50),3,10.43868993216221,0.15885138511657715
synthetic_pv_load_synthetic,2025-09-25_rep00,2025-09-25,cloudy,GA (P=50),4,10.117002342684847,0.15375161170959473
synthetic_pv_load_synthetic,2025-09-25_rep00,2025-09-25,cloudy,GA (P=100),0,9.804156716972962,0.2983701229095459
synthetic_pv_load_synthetic,2025-09-25_rep00,2025-09-25,cloudy,GA (P=100),1,9.695565707846528,0.29148101806640625
synthetic_pv_load_synthetic,2025-09-25_rep00,2025-09-25,cloudy,GA (P=100),2,9.84244105168057,0.29211926460266113
synthetic_pv_load_synthetic,2025-09-25_rep00,2025-09-25,cloudy,GA (P=100),3,9.783577125913425,0.29708266258239746
synthetic_pv_load_synthetic,2025-09-25_rep00,2025-09-25,cloudy,GA (P=100),4,9.635818009426224,0.2996096611022949
synthetic_pv_load_synthetic,2025-09-25_rep00,2025-09-25,cloudy,PSO,0,14.471063315205125,0.10447549819946289
synthetic_pv_load_synthetic,2025-09-25_rep00,2025-09-25,cloudy,PSO,1,15.208013979222978,0.11084818840026855
synthetic_pv_load_synthetic,2025-09-25_rep00,2025-09-25,cloudy,PSO,2,13.444992915996496,0.11007261276245117
synthetic_pv_load_synthetic,2025-09-25_rep00,2025-09-25,cloudy,PSO,3,14.888497514718733,0.10559391975402832
synthetic_pv_load_synthetic,2025-09-25_rep00,2025-09-25,cloudy,PSO,4,16.894253045510037,0.10994672775268555
synthetic_pv_load_synthetic,2025-09-25_rep00,2025-09-25,cloudy,GWO,0,10.87412595146087,0.19516587257385254
synthetic_pv_load_synthetic,2025-09-25_rep00,2025-09-25,cloudy,GWO,1,10.11600757759025,0.19446897506713867
synthetic_pv_load_synthetic,2025-09-25_rep00,2025-09-25,cloudy,GWO,2,10.865883551221362,0.19471073150634766
synthetic_pv_load_synthetic,2025-09-25_rep00,2025-09-25,cloudy,GWO,3,10.574947045135104,0.19445061683654785
synthetic_pv_load_synthetic,2025-09-25_rep00,2025-09-25,cloudy,GWO,4,10.870883818312826,0.19415521621704102
synthetic_pv_load_synthetic,2025-09-25_rep00,2025-09-25,cloudy,Hybrid,0,12.602288894692746,0.1322038173675537
synthetic_pv_load_synthetic,2025-09-25_rep00,2025-09-25,cloudy,Hybrid,1,13.343981967029727,0.12477517127990723
synthetic_pv_load_synthetic,2025-09-25_rep00,2025-09-25,cloudy,Hybrid,2,11.548982007947709,0.12526297569274902
synthetic_pv_load_synthetic,2025-09-25_rep00,2025-09-25,cloudy,Hybrid,3,10.978307076868056,0.13169240951538086
synthetic_pv_load_synthetic,2025-09-25_rep00,2025-09-25,cloudy,Hybrid,4,11.463579712077147,0.12493586540222168
synthetic_pv_load_synthetic,2025-11-02_rep00,2025-11-02,cloudy,GA (P=50),0,10.412497974657768,0.14603495597839355
synthetic_pv_load_synthetic,2025-11-02_rep00,2025-11-02,cloudy,GA (P=50),1,9.514965485616163,0.1526172161102295
synthetic_pv_load_synthetic,2025-11-02_rep00,2025-11-02,cloudy,GA (P=50),2,9.554618157913522,0.14625239372253418
synthetic_pv_load_synthetic,2025-11-02_rep00,2025-11-02,cloudy,GA (P=50),3,9.315019933109664,0.13884997367858887
synthetic_pv_load_synthetic,2025-11-02_rep00,2025-11-02,cloudy,GA (P=50),4,9.408502444815875,0.1516857147216797
synthetic_pv_load_synthetic,2025-11-02_rep00,2025-11-02,cloudy,GA (P=100),0,9.302752139908607,0.28569793701171875
synthetic_pv_load_synthetic,2025-11-02_rep00,2025-11-02,cloudy,GA (P=100),1,9.1510948785051,0.2916128635406494
synthetic_pv_load_synthetic,2025-11-02_rep00,2025-11-02,cloudy,GA (P=100),2,9.29537701610794,0.29141759872436523
synthetic_pv_load_synthetic,2025-11-02_rep00,2025-11-02,cloudy,GA (P=100),3,9.259085632344073,0.2917039394378662
synthetic_pv_load_synthetic,2025-11-02_rep00,2025-11-02,cloudy,GA (P=100),4,9.336916128982155,0.32750463485717773
synthetic_pv_load_synthetic,2025-11-02_rep00,2025-11-02,cloudy,PSO,0,15.428808950355371,0.11791682243347168
synthetic_pv_load_synthetic,2025-11-02_rep00,2025-11-02,cloudy,PSO,1,13.608241772247464,0.12073802947998047
synthetic_pv_load_synthetic,2025-11-02_rep00,2025-11-02,cloudy,PSO,2,16.7505173238888,0.11475181579589844
synthetic_pv_load_synthetic,2025-11-02_rep00,2025-11-02,cloudy,PSO,3,15.027400868439232,0.11120104789733887
synthetic_pv_load_synthetic,2025-11-02_rep00,2025-11-02,cloudy,PSO,4,11.711635814294278,0.11761093139648438
synthetic_pv_load_synthetic,2025-11-02_rep00,2025-11-02,cloudy,GWO,0,9.649328349369869,0.20171570777893066
synthetic_pv_load_synthetic,2025-11-02_rep00,2025-11-02,cloudy,GWO,1,9.36142612504233,0.19448328018188477
synthetic_pv_load_synthetic,2025-11-02_rep00,2025-11-02,cloudy,GWO,2,9.962113124688544,0.20098519325256348
synthetic_pv_load_synthetic,2025-11-02_rep00,2025-11-02,cloudy,GWO,3,9.397068612332049,0.19843435287475586
synthetic_pv_load_synthetic,2025-11-02_rep00,2025-11-02,cloudy,GWO,4,10.324356628861185,0.19739437103271484
synthetic_pv_load_synthetic,2025-11-02_rep00,2025-11-02,cloudy,Hybrid,0,11.754836906848439,0.12540078163146973
synthetic_pv_load_synthetic,2025-11-02_rep00,2025-11-02,cloudy,Hybrid,1,11.675349333957753,0.1315300464630127
synthetic_pv_load_synthetic,2025-11-02_rep00,2025-11-02,cloudy,Hybrid,2,11.881360124207356,0.13262462615966797
synthetic_pv_load_synthetic,2025-11-02_rep00,2025-11-02,cloudy,Hybrid,3,12.879437051753127,0.12438368797302246
synthetic_pv_load_synthetic,2025-11-02_rep00,2025-11-02,cloudy,Hybrid,4,11.538033332799984,0.13263487815856934
synthetic_pv_load_synthetic,2025-11-30_rep00,2025-11-30,cloudy,GA (P=50),0,8.273312486779469,0.1451566219329834
synthetic_pv_load_synthetic,2025-11-30_rep00,2025-11-30,cloudy,GA (P=50),1,8.15508651293882,0.14616823196411133
synthetic_pv_load_synthetic,2025-11-30_rep00,2025-11-30,cloudy,GA (P=50),2,7.867987187632778,0.15240859985351562
synthetic_pv_load_synthetic,2025-11-30_rep00,2025-11-30,cloudy,GA (P=50),3,7.992756680229044,0.1517477035522461
synthetic_pv_load_synthetic,2025-11-30_rep00,2025-11-30,cloudy,GA (P=50),4,7.949547657013916,0.13989853858947754
synthetic_pv_load_synthetic,2025-11-30_rep00,2025-11-30,cloudy,GA (P=100),0,7.711271235764464,0.2976343631744385
synthetic_pv_load_synthetic,2025-11-30_rep00,2025-11-30,cloudy,GA (P=100),1,7.757923077771906,0.29300355911254883
synthetic_pv_load_synthetic,2025-11-30_rep00,2025-11-30,cloudy,GA (P=100),2,8.246945472040062,0.291323184967041
synthetic_pv_load_synthetic,2025-11-30_rep00,2025-11-30,cloudy,GA (P=100),3,7.9835185311713275,0.2916998863220215
synthetic_pv_load_synthetic,2025-11-30_rep00,2025-11-30,cloudy,GA (P=100),4,7.828550752419246,0.30060839653015137
synthetic_pv_load_synthetic,2025-11-30_rep00,2025-11-30,cloudy,PSO,0,13.167532626163,0.11602115631103516
synthetic_pv_load_synthetic,2025-11-30_rep00,2025-11-30,cloudy,PSO,1,12.544124780290538,0.11110186576843262
synthetic_pv_load_synthetic,2025-11-30_rep00,2025-11-30,cloudy,PSO,2,13.900827335144402,0.11136198043823242
synthetic_pv_load_synthetic,2025-11-30_rep00,2025-11-30,cloudy,PSO,3,12.359170641538192,0.11111211776733398
synthetic_pv_load_synthetic,2025-11-30_rep00,2025-11-30,cloudy,PSO,4,11.4670738628593,0.11085629463195801
synthetic_pv_load_synthetic,2025-11-30_rep00,2025-11-30,cloudy,GWO,0,7.94384011887176,0.18759822845458984
synthetic_pv_load_synthetic,2025-11-30_rep00,2025-11-30,cloudy,GWO,1,8.072128156797211,0.19359731674194336
synthetic_pv_load_synthetic,2025-11-30_rep00,2025-11-30,cloudy,GWO,2,8.189235370507156,0.18834733963012695
synthetic_pv_load_synthetic,2025-11-30_rep00,2025-11-30,cloudy,GWO,3,7.989337490149484,0.18765664100646973
synthetic_pv_load_synthetic,2025-11-30_rep00,2025-11-30,cloudy,GWO,4,8.577902157827621,0.19319820404052734
synthetic_pv_load_synthetic,2025-11-30_rep00,2025-11-30,cloudy,Hybrid,0,9.2790289179192,0.13091516494750977
synthetic_pv_load_synthetic,2025-11-30_rep00,2025-11-30,cloudy,Hybrid,1,11.715258809452527,0.12601661682128906
synthetic_pv_load_synthetic,2025-11-30_rep00,2025-11-30,cloudy,Hybrid,2,10.404579822376675,0.1254866123199463
synthetic_pv_load_synthetic,2025-11-30_rep00,2025-11-30,cloudy,Hybrid,3,11.098508396106626,0.1304490566253662
synthetic_pv_load_synthetic,2025-11-30_rep00,2025-11-30,cloudy,Hybrid,4,11.405165928262608,0.12627410888671875
synthetic_pv_load_synthetic,2025-12-24_rep00,2025-12-24,winter,GA (P=50),0,16.996754581925444,0.14456486701965332
synthetic_pv_load_synthetic,2025-12-24_rep00,2025-12-24,winter,GA (P=50),1,17.080073958777906,0.140244722366333
synthetic_pv_load_synthetic,2025-12-24_rep00,2025-12-24,winter,GA (P=50),2,17.130581445886538,0.14446735382080078
synthetic_pv_load_synthetic,2025-12-24_rep00,2025-12-24,winter,GA (P=50),3,16.95097511961546,0.14612770080566406
synthetic_pv_load_synthetic,2025-12-24_rep00,2025-12-24,winter,GA (P=50),4,17.039590007821428,0.13985133171081543
synthetic_pv_load_synthetic,2025-12-24_rep00,2025-12-24,winter,GA (P=100),0,16.856476341479944,0.2849133014678955
synthetic_pv_load_synthetic,2025-12-24_rep00,2025-12-24,winter,GA (P=100),1,16.6978027077823,0.2843596935272217
synthetic_pv_load_synthetic,2025-12-24_rep00,2025-12-24,winter,GA (P=100),2,16.852547720385456,0.2849283218383789
synthetic_pv_load_synthetic,2025-12-24_rep00,2025-12-24,winter,GA (P=100),3,16.966870487470846,0.2849884033203125
synthetic_pv_load_synthetic,2025-12-24_rep00,2025-12-24,winter,GA (P=100),4,16.556791224368492,0.29700469970703125
synthetic_pv_load_synthetic,2025-12-24_rep00,2025-12-24,winter,PSO,0,18.8129617715867,0.10608673095703125
synthetic_pv_load_synthetic,2025-12-24_rep00,2025-12-24,winter,PSO,1,20.21941965507725,0.12413859367370605
synthetic_pv_load_synthetic,2025-12-24_rep00,2025-12-24,winter,PSO,2,18.188231749470546,0.10420751571655273
synthetic_pv_load_synthetic,2025-12-24_rep00,2025-12-24,winter,PSO,3,20.625868365458043,0.11113214492797852
synthetic_pv_load_synthetic,2025-12-24_rep00,2025-12-24,winter,PSO,4,20.101989698412982,0.10414886474609375
synthetic_pv_load_synthetic,2025-12-24_rep00,2025-12-24,winter,GWO,0,16.914826404016488,0.19439983367919922
synthetic_pv_load_synthetic,2025-12-24_rep00,2025-12-24,winter,GWO,1,16.984726752739697,0.2003791332244873
synthetic_pv_load_synthetic,2025-12-24_rep00,2025-12-24,winter,GWO,2,17.472313881615896,0.18874526023864746
synthetic_pv_load_synthetic,2025-12-24_rep00,2025-12-24,winter,GWO,3,17.078722225424713,0.1942307949066162
synthetic_pv_load_synthetic,2025-12-24_rep00,2025-12-24,winter,GWO,4,16.899933188762507,0.1946554183959961
synthetic_pv_load_synthetic,2025-12-24_rep00,2025-12-24,winter,Hybrid,0,18.531386359447254,0.13216137886047363
synthetic_pv_load_synthetic,2025-12-24_rep00,2025-12-24,winter,Hybrid,1,18.336618078725795,0.12454986572265625
synthetic_pv_load_synthetic,2025-12-24_rep00,2025-12-24,winter,Hybrid,2,17.419651654199725,0.1319582462310791
synthetic_pv_load_synthetic,2025-12-24_rep00,2025-12-24,winter,Hybrid,3,18.763596586709653,0.12522053718566895
synthetic_pv_load_synthetic,2025-12-24_rep00,2025-12-24,winter,Hybrid,4,18.01087929265422,0.12650108337402344
synthetic_pv_load_synthetic,2025-12-27_rep00,2025-12-27,winter,GA (P=50),0,18.352810949885736,0.14408183097839355
synthetic_pv_load_synthetic,2025-12-27_rep00,2025-12-27,winter,GA (P=50),1,18.049211761120105,0.14614200592041016
synthetic_pv_load_synthetic,2025-12-27_rep00,2025-12-27,winter,GA (P=50),2,18.14422812369952,0.13885903358459473
synthetic_pv_load_synthetic,2025-12-27_rep00,2025-12-27,winter,GA (P=50),3,18.25712847112831,0.14556884765625
synthetic_pv_load_synthetic,2025-12-27_rep00,2025-12-27,winter,GA (P=50),4,18.226793325359832,0.13910984992980957
synthetic_pv_load_synthetic,2025-12-27_rep00,2025-12-27,winter,GA (P=100),0,18.237879015665488,0.2877678871154785
synthetic_pv_load_synthetic,2025-12-27_rep00,2025-12-27,winter,GA (P=100),1,17.96238253162968,0.2816927433013916
synthetic_pv_load_synthetic,2025-12-27_rep00,2025-12-27,winter,GA (P=100),2,18.093798691254715,0.28350257873535156
synthetic_pv_load_synthetic,2025-12-27_rep00,2025-12-27,winter,GA (P=100),3,18.006592987155507,0.28470635414123535
synthetic_pv_load_synthetic,2025-12-27_rep00,2025-12-27,winter,GA (P=100),4,17.925167366941047,0.2789945602416992
synthetic_pv_load_synthetic,2025-12-27_rep00,2025-12-27,winter,PSO,0,22.89330624453736,0.10396981239318848
synthetic_pv_load_synthetic,2025-12-27_rep00,2025-12-27,winter,PSO,1,21.12541587068369,0.11108708381652832
synthetic_pv_load_synthetic,2025-12-27_rep00,2025-12-27,winter,PSO,2,20.733322620801623,0.11286735534667969
synthetic_pv_load_synthetic,2025-12-27_rep00,2025-12-27,winter,PSO,3,24.458598835880508,0.10963797569274902
synthetic_pv_load_synthetic,2025-12-27_rep00,2025-12-27,winter,PSO,4,23.04676220431913,0.10556793212890625
synthetic_pv_load_synthetic,2025-12-27_rep00,2025-12-27,winter,GWO,0,18.34702644345916,0.19332265853881836
synthetic_pv_load_synthetic,2025-12-27_rep00,2025-12-27,winter,GWO,1,18.398994018791896,0.1941380500793457
synthetic_pv_load_synthetic,2025-12-27_rep00,2025-12-27,winter,GWO,2,18.00003314461379,0.1934189796447754
synthetic_pv_load_synthetic,2025-12-27_rep00,2025-12-27,winter,GWO,3,18.868185280864722,0.19559383392333984
synthetic_pv_load_synthetic,2025-12-27_rep00,2025-12-27,winter,GWO,4,18.765870617430412,0.19431090354919434
synthetic_pv_load_synthetic,2025-12-27_rep00,2025-12-27,winter,Hybrid,0,19.882457113893743,0.12472152709960938
synthetic_pv_load_synthetic,2025-12-27_rep00,2025-12-27,winter,Hybrid,1,20.831482982198747,0.12530827522277832
synthetic_pv_load_synthetic,2025-12-27_rep00,2025-12-27,winter,Hybrid,2,19.8050400918287,0.1316828727722168
synthetic_pv_load_synthetic,2025-12-27_rep00,2025-12-27,winter,Hybrid,3,19.965822496871862,0.125502347946167
synthetic_pv_load_synthetic,2025-12-27_rep00,2025-12-27,winter,Hybrid,4,19.2868803077601,0.13170790672302246
synthetic_pv_load_real,2025-01-14_rep00,2025-01-14,winter,GA (P=50),0,18.8532635023206,0.13896799087524414
synthetic_pv_load_real,2025-01-14_rep00,2025-01-14,winter,GA (P=50),1,18.047065723732338,0.1513991355895996
synthetic_pv_load_real,2025-01-14_rep00,2025-01-14,winter,GA (P=50),2,18.167875612964767,0.14014101028442383
synthetic_pv_load_real,2025-01-14_rep00,2025-01-14,winter,GA (P=50),3,17.788001837277754,0.14589500427246094
synthetic_pv_load_real,2025-01-14_rep00,2025-01-14,winter,GA (P=50),4,17.769199662213726,0.14579296112060547
synthetic_pv_load_real,2025-01-14_rep00,2025-01-14,winter,GA (P=100),0,17.39327606246289,0.2847001552581787
synthetic_pv_load_real,2025-01-14_rep00,2025-01-14,winter,GA (P=100),1,17.523735002031128,0.2914245128631592
synthetic_pv_load_real,2025-01-14_rep00,2025-01-14,winter,GA (P=100),2,17.888818377199183,0.29192471504211426
synthetic_pv_load_real,2025-01-14_rep00,2025-01-14,winter,GA (P=100),3,17.779728940624125,0.2914614677429199
synthetic_pv_load_real,2025-01-14_rep00,2025-01-14,winter,GA (P=100),4,17.821700507970643,0.291640043258667
synthetic_pv_load_real,2025-01-14_rep00,2025-01-14,winter,PSO,0,22.332639637585544,0.10419464111328125
synthetic_pv_load_real,2025-01-14_rep00,2025-01-14,winter,PSO,1,23.59027866895567,0.11148881912231445
synthetic_pv_load_real,2025-01-14_rep00,2025-01-14,winter,PSO,2,24.70988171016415,0.10971379280090332
synthetic_pv_load_real,2025-01-14_rep00,2025-01-14,winter,PSO,3,21.649744886496723,0.10657596588134766
synthetic_pv_load_real,2025-01-14_rep00,2025-01-14,winter,PSO,4,22.443978798018286,0.10963630676269531
synthetic_pv_load_real,2025-01-14_rep00,2025-01-14,winter,GWO,0,18.75149045171826,0.1947634220123291
synthetic_pv_load_real,2025-01-14_rep00,2025-01-14,winter,GWO,1,19.36166838289624,0.1944591999053955
synthetic_pv_load_real,2025-01-14_rep00,2025-01-14,winter,GWO,2,17.66516211828505,0.18754982948303223
synthetic_pv_load_real,2025-01-14_rep00,2025-01-14,winter,GWO,3,19.007988066752645,0.1930844783782959
synthetic_pv_load_real,2025-01-14_rep00,2025-01-14,winter,GWO,4,19.020131930792864,0.18895769119262695
synthetic_pv_load_real,2025-01-14_rep00,2025-01-14,winter,Hybrid,0,21.094770647161756,0.12487053871154785
synthetic_pv_load_real,2025-01-14_rep00,2025-01-14,winter,Hybrid,1,20.752328566206042,0.1326127052307129
synthetic_pv_load_real,2025-01-14_rep00,2025-01-14,winter,Hybrid,2,21.308619476079862,0.13025736808776855
synthetic_pv_load_real,2025-01-14_rep00,2025-01-14,winter,Hybrid,3,21.379199187408137,0.12709617614746094
synthetic_pv_load_real,2025-01-14_rep00,2025-01-14,winter,Hybrid,4,21.01438776826652,0.12361359596252441
synthetic_pv_load_real,2025-01-22_rep00,2025-01-22,winter,GA (P=50),0,20.430363129664293,0.13971352577209473
synthetic_pv_load_real,2025-01-22_rep00,2025-01-22,winter,GA (P=50),1,20.62373767040875,0.14526939392089844
synthetic_pv_load_real,2025-01-22_rep00,2025-01-22,winter,GA (P=50),2,21.136020607518795,0.14580702781677246
synthetic_pv_load_real,2025-01-22_rep00,2025-01-22,winter,GA (P=50),3,21.40260425967111,0.14582228660583496
synthetic_pv_load_real,2025-01-22_rep00,2025-01-22,winter,GA (P=50),4,20.168061126169285,0.14561700820922852
synthetic_pv_load_real,2025-01-22_rep00,2025-01-22,winter,GA (P=100),0,20.523095438726916,0.29067015647888184
synthetic_pv_load_real,2025-01-22_rep00,2025-01-22,winter,GA (P=100),1,20.028093480826186,0.29265737533569336
synthetic_pv_load_real,2025-01-22_rep00,2025-01-22,winter,GA (P=100),2,20.259603690074293,0.291736364364624
synthetic_pv_load_real,2025-01-22_rep00,2025-01-22,winter,GA (P=100),3,20.02551076531089,0.29500794410705566
synthetic_pv_load_real,2025-01-22_rep00,2025-01-22,winter,GA (P=100),4,20.46170087284464,0.2884857654571533
synthetic_pv_load_real,2025-01-22_rep00,2025-01-22,winter,PSO,0,29.490885702014985,0.11810874938964844
synthetic_pv_load_real,2025-01-22_rep00,2025-01-22,winter,PSO,1,27.14432993851019,0.11089515686035156
synthetic_pv_load_real,2025-01-22_rep00,2025-01-22,winter,PSO,2,23.970149459124187,0.1130220890045166
synthetic_pv_load_real,2025-01-22_rep00,2025-01-22,winter,PSO,3,28.34744094992316,0.10938334465026855
synthetic_pv_load_real,2025-01-22_rep00,2025-01-22,winter,PSO,4,24.919424226425352,0.1110684871673584
synthetic_pv_load_real,2025-01-22_rep00,2025-01-22,winter,GWO,0,21.1503938229319,0.20726442337036133
synthetic_pv_load_real,2025-01-22_rep00,2025-01-22,winter,GWO,1,22.606159853390817,0.18838810920715332
synthetic_pv_load_real,2025-01-22_rep00,2025-01-22,winter,GWO,2,21.690433942662004,0.2003648281097412
synthetic_pv_load_real,2025-01-22_rep00,2025-01-22,winter,GWO,3,22.953464872909628,0.19542360305786133
synthetic_pv_load_real,2025-01-22_rep00,2025-01-22,winter,GWO,4,22.59104323247287,0.1950392723083496
synthetic_pv_load_real,2025-01-22_rep00,2025-01-22,winter,Hybrid,0,24.49186189373837,0.1387312412261963
synthetic_pv_load_real,2025-01-22_rep00,2025-01-22,winter,Hybrid,1,23.988982071989973,0.14591503143310547
synthetic_pv_load_real,2025-01-22_rep00,2025-01-22,winter,Hybrid,2,25.57968364600616,0.14569664001464844
synthetic_pv_load_real,2025-01-22_rep00,2025-01-22,winter,Hybrid,3,21.8640109604275,0.14579486846923828
synthetic_pv_load_real,2025-01-22_rep00,2025-01-22,winter,Hybrid,4,24.709275216980686,0.13892745971679688
synthetic_pv_load_real,2025-03-17_rep00,2025-03-17,cloudy,GA (P=50),0,8.90994299266683,0.15144824981689453
synthetic_pv_load_real,2025-03-17_rep00,2025-03-17,cloudy,GA (P=50),1,8.776547229411394,0.1529381275177002
synthetic_pv_load_real,2025-03-17_rep00,2025-03-17,cloudy,GA (P=50),2,8.855072798195303,0.14662647247314453
synthetic_pv_load_real,2025-03-17_rep00,2025-03-17,cloudy,GA (P=50),3,8.71517762835622,0.15274739265441895
synthetic_pv_load_real,2025-03-17_rep00,2025-03-17,cloudy,GA (P=50),4,8.981851269573603,0.14632296562194824
synthetic_pv_load_real,2025-03-17_rep00,2025-03-17,cloudy,GA (P=100),0,8.924610751027311,0.29121851921081543
synthetic_pv_load_real,2025-03-17_rep00,2025-03-17,cloudy,GA (P=100),1,8.965371718591369,0.29175662994384766
synthetic_pv_load_real,2025-03-17_rep00,2025-03-17,cloudy,GA (P=100),2,8.924503912522747,0.29258251190185547
synthetic_pv_load_real,2025-03-17_rep00,2025-03-17,cloudy,GA (P=100),3,8.701045021828872,0.2916879653930664
synthetic_pv_load_real,2025-03-17_rep00,2025-03-17,cloudy,GA (P=100),4,8.899547401550066,0.2916374206542969
synthetic_pv_load_real,2025-03-17_rep00,2025-03-17,cloudy,PSO,0,13.318133415069237,0.11113762855529785
synthetic_pv_load_real,2025-03-17_rep00,2025-03-17,cloudy,PSO,1,15.507086166097524,0.1110835075378418
synthetic_pv_load_real,2025-03-17_rep00,2025-03-17,cloudy,PSO,2,11.06440703827654,0.11143183708190918
synthetic_pv_load_real,2025-03-17_rep00,2025-03-17,cloudy,PSO,3,11.967175022353478,0.11080718040466309
synthetic_pv_load_real,2025-03-17_rep00,2025-03-17,cloudy,PSO,4,10.62145350360851,0.1180412769317627
synthetic_pv_load_real,2025-03-17_rep00,2025-03-17,cloudy,GWO,0,10.937864200952214,0.20058059692382812
synthetic_pv_load_real,2025-03-17_rep00,2025-03-17,cloudy,GWO,1,9.664712897182014,0.18873333930969238
synthetic_pv_load_real,2025-03-17_rep00,2025-03-17,cloudy,GWO,2,10.356680268336236,0.1943953037261963
synthetic_pv_load_real,2025-03-17_rep00,2025-03-17,cloudy,GWO,3,9.479805907701795,0.20035386085510254
synthetic_pv_load_real,2025-03-17_rep00,2025-03-17,cloudy,GWO,4,9.83890373467621,0.18828463554382324
synthetic_pv_load_real,2025-03-17_rep00,2025-03-17,cloudy,Hybrid,0,12.952598864370215,0.13184189796447754
synthetic_pv_load_real,2025-03-17_rep00,2025-03-17,cloudy,Hybrid,1,11.57142683924534,0.1249856948852539
synthetic_pv_load_real,2025-03-17_rep00,2025-03-17,cloudy,Hybrid,2,11.672931690412618,0.13195300102233887
synthetic_pv_load_real,2025-03-17_rep00,2025-03-17,cloudy,Hybrid,3,10.909699553359648,0.12497401237487793
synthetic_pv_load_real,2025-03-17_rep00,2025-03-17,cloudy,Hybrid,4,10.107204439643358,0.12504339218139648
synthetic_pv_load_real,2025-03-19_rep00,2025-03-19,cloudy,GA (P=50),0,8.536028064110877,0.13887524604797363
synthetic_pv_load_real,2025-03-19_rep00,2025-03-19,cloudy,GA (P=50),1,7.785695008598483,0.14578986167907715
synthetic_pv_load_real,2025-03-19_rep00,2025-03-19,cloudy,GA (P=50),2,9.032419953807384,0.14585471153259277
synthetic_pv_load_real,2025-03-19_rep00,2025-03-19,cloudy,GA (P=50),3,9.37604015016678,0.1462099552154541
synthetic_pv_load_real,2025-03-19_rep00,2025-03-19,cloudy,GA (P=50),4,8.737883359166688,0.15141987800598145
synthetic_pv_load_real,2025-03-19_rep00,2025-03-19,cloudy,GA (P=100),0,8.405870943087292,0.2926981449127197
synthetic_pv_load_real,2025-03-19_rep00,2025-03-19,cloudy,GA (P=100),1,8.093714742271484,0.29062342643737793
synthetic_pv_load_real,2025-03-19_rep00,2025-03-19,cloudy,GA (P=100),2,8.158012133191667,0.2998232841491699
synthetic_pv_load_real,2025-03-19_rep00,2025-03-19,cloudy,GA (P=100),3,8.123033490966307,0.30432844161987305
synthetic_pv_load_real,2025-03-19_rep00,2025-03-19,cloudy,GA (P=100),4,7.882531849977008,0.2872333526611328
synthetic_pv_load_real,2025-03-19_rep00,2025-03-19,cloudy,PSO,0,13.665286367822967,0.11001801490783691
synthetic_pv_load_real,2025-03-19_rep00,2025-03-19,cloudy,PSO,1,14.152074916784189,0.11048007011413574
synthetic_pv_load_real,2025-03-19_rep00,2025-03-19,cloudy,PSO,2,12.562074165718494,0.11095023155212402
synthetic_pv_load_real,2025-03-19_rep00,2025-03-19,cloudy,PSO,3,15.566695120070678,0.11088776588439941
synthetic_pv_load_real,2025-03-19_rep00,2025-03-19,cloudy,PSO,4,17.856597576972668,0.11136007308959961
synthetic_pv_load_real,2025-03-19_rep00,2025-03-19,cloudy,GWO,0,8.258419007485005,0.21611428260803223
synthetic_pv_load_real,2025-03-19_rep00,2025-03-19,cloudy,GWO,1,10.27811521144906,0.20085811614990234
synthetic_pv_load_real,2025-03-19_rep00,2025-03-19,cloudy,GWO,2,10.11098454031836,0.21094036102294922
synthetic_pv_load_real,2025-03-19_rep00,2025-03-19,cloudy,GWO,3,8.927275316616141,0.2126483917236328
synthetic_pv_load_real,2025-03-19_rep00,2025-03-19,cloudy,GWO,4,9.244237349182743,0.20821022987365723
synthetic_pv_load_real,2025-03-19_rep00,2025-03-19,cloudy,Hybrid,0,12.570331985831114,0.1319262981414795
synthetic_pv_load_real,2025-03-19_rep00,2025-03-19,cloudy,Hybrid,1,11.393040812435128,0.1433882713317871
synthetic_pv_load_real,2025-03-19_rep00,2025-03-19,cloudy,Hybrid,2,11.517627755624778,0.13391494750976562
synthetic_pv_load_real,2025-03-19_rep00,2025-03-19,cloudy,Hybrid,3,11.14705349949739,0.13239765167236328
synthetic_pv_load_real,2025-03-19_rep00,2025-03-19,cloudy,Hybrid,4,14.385973286320406,0.13305330276489258
synthetic_pv_load_real,2025-05-23_rep00,2025-05-23,cloudy,GA (P=50),0,9.701281514838497,0.15258383750915527
synthetic_pv_load_real,2025-05-23_rep00,2025-05-23,cloudy,GA (P=50),1,10.863111775617627,0.1524193286895752
synthetic_pv_load_real,2025-05-23_rep00,2025-05-23,cloudy,GA (P=50),2,10.094180350633973,0.1557767391204834
synthetic_pv_load_real,2025-05-23_rep00,2025-05-23,cloudy,GA (P=50),3,10.006720699481953,0.15970134735107422
synthetic_pv_load_real,2025-05-23_rep00,2025-05-23,cloudy,GA (P=50),4,9.838562521340418,0.15649151802062988
synthetic_pv_load_real,2025-05-23_rep00,2025-05-23,cloudy,GA (P=100),0,9.907147699434358,0.31382179260253906
synthetic_pv_load_real,2025-05-23_rep00,2025-05-23,cloudy,GA (P=100),1,9.749298081429997,0.3394298553466797
synthetic_pv_load_real,2025-05-23_rep00,2025-05-23,cloudy,GA (P=100),2,9.528683471903015,0.36693239212036133
synthetic_pv_load_real,2025-05-23_rep00,2025-05-23,cloudy,GA (P=100),3,9.750447084327943,0.31657886505126953
synthetic_pv_load_real,2025-05-23_rep00,2025-05-23,cloudy,GA (P=100),4,9.408041974859863,0.2944812774658203
synthetic_pv_load_real,2025-05-23_rep00,2025-05-23,cloudy,PSO,0,14.608784976234292,0.12714362144470215
synthetic_pv_load_real,2025-05-23_rep00,2025-05-23,cloudy,PSO,1,13.876306623721502,0.12338876724243164
synthetic_pv_load_real,2025-05-23_rep00,2025-05-23,cloudy,PSO,2,14.939330937307234,0.11644220352172852
synthetic_pv_load_real,2025-05-23_rep00,2025-05-23,cloudy,PSO,3,12.061877960576997,0.11215925216674805
synthetic_pv_load_real,2025-05-23_rep00,2025-05-23,cloudy,PSO,4,14.594560884069548,0.11505460739135742
synthetic_pv_load_real,2025-05-23_rep00,2025-05-23,cloudy,GWO,0,10.69179793803881,0.2067549228668213
synthetic_pv_load_real,2025-05-23_rep00,2025-05-23,cloudy,GWO,1,10.869809998309917,0.20491647720336914
synthetic_pv_load_real,2025-05-23_rep00,2025-05-23,cloudy,GWO,2,10.686264051032778,0.21059966087341309
synthetic_pv_load_real,2025-05-23_rep00,2025-05-23,cloudy,GWO,3,11.28030881341815,0.2075972557067871
synthetic_pv_load_real,2025-05-23_rep00,2025-05-23,cloudy,GWO,4,11.10217589498911,0.21478915214538574
synthetic_pv_load_real,2025-05-23_rep00,2025-05-23,cloudy,Hybrid,0,13.689987207560268,0.1369187831878662
synthetic_pv_load_real,2025-05-23_rep00,2025-05-23,cloudy,Hybrid,1,11.082366215293574,0.13475632667541504
synthetic_pv_load_real,2025-05-23_rep00,2025-05-23,cloudy,Hybrid,2,14.246389632112255,0.13849902153015137
synthetic_pv_load_real,2025-05-23_rep00,2025-05-23,cloudy,Hybrid,3,12.972995974839527,0.1374669075012207
synthetic_pv_load_real,2025-05-23_rep00,2025-05-23,cloudy,Hybrid,4,11.464068225063205,0.14312195777893066
synthetic_pv_load_real,2025-05-30_rep00,2025-05-30,cloudy,GA (P=50),0,7.542301960339261,0.25487565994262695
synthetic_pv_load_real,2025-05-30_rep00,2025-05-30,cloudy,GA (P=50),1,7.0427930431443535,0.1670083999633789
synthetic_pv_load_real,2025-05-30_rep00,2025-05-30,cloudy,GA (P=50),2,7.122656232863429,0.15891766548156738
synthetic_pv_load_real,2025-05-30_rep00,2025-05-30,cloudy,GA (P=50),3,7.100271935767058,0.16026806831359863
synthetic_pv_load_real,2025-05-30_rep00,2025-05-30,cloudy,GA (P=50),4,7.170521164972364,0.16443800926208496
synthetic_pv_load_real,2025-05-30_rep00,2025-05-30,cloudy,GA (P=100),0,7.124439922430397,0.33092737197875977
synthetic_pv_load_real,2025-05-30_rep00,2025-05-30,cloudy,GA (P=100),1,7.437932620341034,0.316525936126709
synthetic_pv_load_real,2025-05-30_rep00,2025-05-30,cloudy,GA (P=100),2,7.317641486858323,0.31928372383117676
synthetic_pv_load_real,2025-05-30_rep00,2025-05-30,cloudy,GA (P=100),3,7.130621364156515,0.31101155281066895
synthetic_pv_load_real,2025-05-30_rep00,2025-05-30,cloudy,GA (P=100),4,7.287366562671349,0.3142702579498291
synthetic_pv_load_real,2025-05-30_rep00,2025-05-30,cloudy,PSO,0,11.053195794574481,0.1218423843383789
synthetic_pv_load_real,2025-05-30_rep00,2025-05-30,cloudy,PSO,1,10.10964927253132,0.11439085006713867
synthetic_pv_load_real,2025-05-30_rep00,2025-05-30,cloudy,PSO,2,8.64745287712112,0.11725854873657227
synthetic_pv_load_real,2025-05-30_rep00,2025-05-30,cloudy,PSO,3,9.415705166829566,0.11777806282043457
synthetic_pv_load_real,2025-05-30_rep00,2025-05-30,cloudy,PSO,4,11.9117978871192,0.11823558807373047
synthetic_pv_load_real,2025-05-30_rep00,2025-05-30,cloudy,GWO,0,6.792152992210734,0.20138978958129883
synthetic_pv_load_real,2025-05-30_rep00,2025-05-30,cloudy,GWO,1,7.354313442765099,0.20081162452697754
synthetic_pv_load_real,2025-05-30_rep00,2025-05-30,cloudy,GWO,2,7.206974087652715,0.20816755294799805
synthetic_pv_load_real,2025-05-30_rep00,2025-05-30,cloudy,GWO,3,8.265893693260532,0.21613526344299316
synthetic_pv_load_real,2025-05-30_rep00,2025-05-30,cloudy,GWO,4,7.489927575895588,0.2035655975341797
synthetic_pv_load_real,2025-05-30_rep00,2025-05-30,cloudy,Hybrid,0,13.588358907614008,0.13498401641845703
synthetic_pv_load_real,2025-05-30_rep00,2025-05-30,cloudy,Hybrid,1,9.242601610623769,0.14726901054382324
synthetic_pv_load_real,2025-05-30_rep00,2025-05-30,cloudy,Hybrid,2,8.513032878014863,0.1317298412322998
synthetic_pv_load_real,2025-05-30_rep00,2025-05-30,cloudy,Hybrid,3,8.660168625172119,0.13196849822998047
synthetic_pv_load_real,2025-05-30_rep00,2025-05-30,cloudy,Hybrid,4,8.97950490006185,0.1319408416748047
synthetic_pv_load_real,2025-06-12_rep00,2025-06-12,summer,GA (P=50),0,9.296741814581711,0.1458876132965088
synthetic_pv_load_real,2025-06-12_rep00,2025-06-12,summer,GA (P=50),1,8.565448646058675,0.1528761386871338
synthetic_pv_load_real,2025-06-12_rep00,2025-06-12,summer,GA (P=50),2,9.3522673719567,0.14573025703430176
synthetic_pv_load_real,2025-06-12_rep00,2025-06-12,summer,GA (P=50),3,8.831909961514802,0.1517634391784668
synthetic_pv_load_real,2025-06-12_rep00,2025-06-12,summer,GA (P=50),4,9.270396906435105,0.14658761024475098
synthetic_pv_load_real,2025-06-12_rep00,2025-06-12,summer,GA (P=100),0,8.792592049381417,0.2919485569000244
synthetic_pv_load_real,2025-06-12_rep00,2025-06-12,summer,GA (P=100),1,9.20510382782873,0.30481410026550293
synthetic_pv_load_real,2025-06-12_rep00,2025-06-12,summer,GA (P=100),2,8.42588265747088,0.29941797256469727
synthetic_pv_load_real,2025-06-12_rep00,2025-06-12,summer,GA (P=100),3,8.83398714742251,0.3075118064880371
synthetic_pv_load_real,2025-06-12_rep00,2025-06-12,summer,GA (P=100),4,8.728952505114767,0.31021595001220703
synthetic_pv_load_real,2025-06-12_rep00,2025-06-12,summer,PSO,0,15.535580484634213,0.1118316650390625
synthetic_pv_load_real,2025-06-12_rep00,2025-06-12,summer,PSO,1,14.875446428766,0.11732316017150879
synthetic_pv_load_real,2025-06-12_rep00,2025-06-12,summer,PSO,2,14.684357794801045,0.12675118446350098
synthetic_pv_load_real,2025-06-12_rep00,2025-06-12,summer,PSO,3,13.541394101455595,0.11694955825805664
synthetic_pv_load_real,2025-06-12_rep00,2025-06-12,summer,PSO,4,17.630113192944695,0.1174020767211914
synthetic_pv_load_real,2025-06-12_rep00,2025-06-12,summer,GWO,0,9.243706994220773,0.21491098403930664
synthetic_pv_load_real,2025-06-12_rep00,2025-06-12,summer,GWO,1,9.741117289105523,0.2087235450744629
synthetic_pv_load_real,2025-06-12_rep00,2025-06-12,summer,GWO,2,9.35855953765866,0.22639131546020508
synthetic_pv_load_real,2025-06-12_rep00,2025-06-12,summer,GWO,3,9.21253583408131,0.20417261123657227
synthetic_pv_load_real,2025-06-12_rep00,2025-06-12,summer,GWO,4,8.816290443232353,0.21425580978393555
synthetic_pv_load_real,2025-06-12_rep00,2025-06-12,summer,Hybrid,0,12.686649205346328,0.13887429237365723
synthetic_pv_load_real,2025-06-12_rep00,2025-06-12,summer,Hybrid,1,10.13310010731509,0.1388843059539795
synthetic_pv_load_real,2025-06-12_rep00,2025-06-12,summer,Hybrid,2,12.341008229853557,0.13367486000061035
synthetic_pv_load_real,2025-06-12_rep00,2025-06-12,summer,Hybrid,3,12.701061628128206,0.13875675201416016
synthetic_pv_load_real,2025-06-12_rep00,2025-06-12,summer,Hybrid,4,12.077937202938639,0.1389021873474121
synthetic_pv_load_real,2025-06-28_rep00,2025-06-28,summer,GA (P=50),0,7.898956831903314,0.22165322303771973
synthetic_pv_load_real,2025-06-28_rep00,2025-06-28,summer,GA (P=50),1,7.7868442260456385,0.1735851764678955
synthetic_pv_load_real,2025-06-28_rep00,2025-06-28,summer,GA (P=50),2,7.586697659997077,0.15281891822814941
synthetic_pv_load_real,2025-06-28_rep00,2025-06-28,summer,GA (P=50),3,7.773346151842045,0.15275025367736816
synthetic_pv_load_real,2025-06-28_rep00,2025-06-28,summer,GA (P=50),4,7.6600826450245485,0.1529545783996582
synthetic_pv_load_real,2025-06-28_rep00,2025-06-28,summer,GA (P=100),0,7.6403513188173715,0.30534887313842773
synthetic_pv_load_real,2025-06-28_rep00,2025-06-28,summer,GA (P=100),1,7.512462813411401,0.2919323444366455
synthetic_pv_load_real,2025-06-28_rep00,2025-06-28,summer,GA (P=100),2,7.484065839339839,0.29181432723999023
synthetic_pv_load_real,2025-06-28_rep00,2025-06-28,summer,GA (P=100),3,7.369075474011221,0.29816389083862305
synthetic_pv_load_real,2025-06-28_rep00,2025-06-28,summer,GA (P=100),4,7.527219857367464,0.2851107120513916
synthetic_pv_load_real,2025-06-28_rep00,2025-06-28,summer,PSO,0,11.760693888434384,0.11076641082763672
synthetic_pv_load_real,2025-06-28_rep00,2025-06-28,summer,PSO,1,12.349754704799775,0.11367940902709961
synthetic_pv_load_real,2025-06-28_rep00,2025-06-28,summer,PSO,2,9.532350178739373,0.1157689094543457
synthetic_pv_load_real,2025-06-28_rep00,2025-06-28,summer,PSO,3,10.694544868256198,0.11109757423400879
synthetic_pv_load_real,2025-06-28_rep00,2025-06-28,summer,PSO,4,13.632332741344541,0.10426449775695801
synthetic_pv_load_real,2025-06-28_rep00,2025-06-28,summer,GWO,0,7.509610603323479,0.2012951374053955
synthetic_pv_load_real,2025-06-28_rep00,2025-06-28,summer,GWO,1,7.918073846901717,0.19443631172180176
synthetic_pv_load_real,2025-06-28_rep00,2025-06-28,summer,GWO,2,7.732064679431223,0.2013378143310547
synthetic_pv_load_real,2025-06-28_rep00,2025-06-28,summer,GWO,3,7.852921181322421,0.20144438743591309
synthetic_pv_load_real,2025-06-28_rep00,2025-06-28,summer,GWO,4,7.490427771126797,0.20036530494689941
synthetic_pv_load_real,2025-06-28_rep00,2025-06-28,summer,Hybrid,0,10.66911021618136,0.13007044792175293
synthetic_pv_load_real,2025-06-28_rep00,2025-06-28,summer,Hybrid,1,10.454235600142196,0.12798857688903809
synthetic_pv_load_real,2025-06-28_rep00,2025-06-28,summer,Hybrid,2,12.129374609906854,0.12520670890808105
synthetic_pv_load_real,2025-06-28_rep00,2025-06-28,summer,Hybrid,3,10.519860012081056,0.13169550895690918
synthetic_pv_load_real,2025-06-28_rep00,2025-06-28,summer,Hybrid,4,11.019452913214298,0.1319894790649414
synthetic_pv_load_real,2025-08-01_rep00,2025-08-01,summer,GA (P=50),0,9.193390206879133,0.14545917510986328
synthetic_pv_load_real,2025-08-01_rep00,2025-08-01,summer,GA (P=50),1,9.587437026480728,0.15302586555480957
synthetic_pv_load_real,2025-08-01_rep00,2025-08-01,summer,GA (P=50),2,9.787723895688345,0.1528012752532959
synthetic_pv_load_real,2025-08-01_rep00,2025-08-01,summer,GA (P=50),3,9.265639693151579,0.14583563804626465
synthetic_pv_load_real,2025-08-01_rep00,2025-08-01,summer,GA (P=50),4,9.567896823577316,0.15278315544128418
synthetic_pv_load_real,2025-08-01_rep00,2025-08-01,summer,GA (P=100),0,9.122679833245728,0.2985968589782715
synthetic_pv_load_real,2025-08-01_rep00,2025-08-01,summer,GA (P=100),1,8.919414604241954,0.2983992099761963
synthetic_pv_load_real,2025-08-01_rep00,2025-08-01,summer,GA (P=100),2,9.403867331238331,0.2985646724700928
synthetic_pv_load_real,2025-08-01_rep00,2025-08-01,summer,GA (P=100),3,8.693682085529119,0.41703128814697266
synthetic_pv_load_real,2025-08-01_rep00,2025-08-01,summer,GA (P=100),4,8.93873829489499,0.38196754455566406
synthetic_pv_load_real,2025-08-01_rep00,2025-08-01,summer,PSO,0,15.220349921793776,0.12468194961547852
synthetic_pv_load_real,2025-08-01_rep00,2025-08-01,summer,PSO,1,14.12669401712941,0.1587066650390625
synthetic_pv_load_real,2025-08-01_rep00,2025-08-01,summer,PSO,2,13.726992856602061,0.11938095092773438
synthetic_pv_load_real,2025-08-01_rep00,2025-08-01,summer,PSO,3,12.668349737697291,0.15380024909973145
synthetic_pv_load_real,2025-08-01_rep00,2025-08-01,summer,PSO,4,13.465665851928074,0.13089203834533691
synthetic_pv_load_real,2025-08-01_rep00,2025-08-01,summer,GWO,0,9.442673813332254,0.20138978958129883
synthetic_pv_load_real,2025-08-01_rep00,2025-08-01,summer,GWO,1,9.970967037987567,0.20138978958129883
synthetic_pv_load_real,2025-08-01_rep00,2025-08-01,summer,GWO,2,9.133080939556756,0.2082357406616211
synthetic_pv_load_real,2025-08-01_rep00,2025-08-01,summer,GWO,3,9.233908912049088,0.20134997367858887
synthetic_pv_load_real,2025-08-01_rep00,2025-08-01,summer,GWO,4,10.059935107223309,0.2081453800201416
synthetic_pv_load_real,2025-08-01_rep00,2025-08-01,summer,Hybrid,0,10.624483710108375,0.13218259811401367
synthetic_pv_load_real,2025-08-01_rep00,2025-08-01,summer,Hybrid,1,13.060659007687882,0.13192081451416016
synthetic_pv_load_real,2025-08-01_rep00,2025-08-01,summer,Hybrid,2,12.32514608066121,0.13763952255249023
synthetic_pv_load_real,2025-08-01_rep00,2025-08-01,summer,Hybrid,3,14.819201558087801,0.13303732872009277
synthetic_pv_load_real,2025-08-01_rep00,2025-08-01,summer,Hybrid,4,11.192511634726365,0.13458681106567383
synthetic_pv_load_real,2025-08-22_rep00,2025-08-22,summer,GA (P=50),0,7.714821134195509,0.15030407905578613
synthetic_pv_load_real,2025-08-22_rep00,2025-08-22,summer,GA (P=50),1,7.896563414157224,0.15949106216430664
synthetic_pv_load_real,2025-08-22_rep00,2025-08-22,summer,GA (P=50),2,7.780305470805069,0.15969324111938477
synthetic_pv_load_real,2025-08-22_rep00,2025-08-22,summer,GA (P=50),3,7.636500863337251,0.15334439277648926
synthetic_pv_load_real,2025-08-22_rep00,2025-08-22,summer,GA (P=50),4,7.8475387677020025,0.1524360179901123
synthetic_pv_load_real,2025-08-22_rep00,2025-08-22,summer,GA (P=100),0,7.6665089160565225,0.3056197166442871
synthetic_pv_load_real,2025-08-22_rep00,2025-08-22,summer,GA (P=100),1,7.5740604789897565,0.30570459365844727
synthetic_pv_load_real,2025-08-22_rep00,2025-08-22,summer,GA (P=100),2,7.5351435137232885,0.31913280487060547
synthetic_pv_load_real,2025-08-22_rep00,2025-08-22,summer,GA (P=100),3,7.531677715914936,0.3460805416107178
synthetic_pv_load_real,2025-08-22_rep00,2025-08-22,summer,GA (P=100),4,7.529491376411682,0.3065931797027588
synthetic_pv_load_real,2025-08-22_rep00,2025-08-22,summer,PSO,0,11.712702746228645,0.11111760139465332
synthetic_pv_load_real,2025-08-22_rep00,2025-08-22,summer,PSO,1,11.55599832570519,0.11113882064819336
synthetic_pv_load_real,2025-08-22_rep00,2025-08-22,summer,PSO,2,10.706921001265112,0.11131405830383301
synthetic_pv_load_real,2025-08-22_rep00,2025-08-22,summer,PSO,3,10.005764383934126,0.11124014854431152
synthetic_pv_load_real,2025-08-22_rep00,2025-08-22,summer,PSO,4,10.710763845297446,0.11668825149536133
synthetic_pv_load_real,2025-08-22_rep00,2025-08-22,summer,GWO,0,7.72975194840015,0.19592833518981934
synthetic_pv_load_real,2025-08-22_rep00,2025-08-22,summer,GWO,1,8.797496363867221,0.21503138542175293
synthetic_pv_load_real,2025-08-22_rep00,2025-08-22,summer,GWO,2,7.682640264552853,0.201385498046875
synthetic_pv_load_real,2025-08-22_rep00,2025-08-22,summer,GWO,3,7.908118448370207,0.2083747386932373
synthetic_pv_load_real,2025-08-22_rep00,2025-08-22,summer,GWO,4,7.949388169794282,0.23619675636291504
synthetic_pv_load_real,2025-08-22_rep00,2025-08-22,summer,Hybrid,0,8.955792850046956,0.1523878574371338
synthetic_pv_load_real,2025-08-22_rep00,2025-08-22,summer,Hybrid,1,9.424852666691608,0.1323409080505371
synthetic_pv_load_real,2025-08-22_rep00,2025-08-22,summer,Hybrid,2,10.411802173606018,0.1317920684814453
synthetic_pv_load_real,2025-08-22_rep00,2025-08-22,summer,Hybrid,3,10.983796037261273,0.1458587646484375
synthetic_pv_load_real,2025-08-22_rep00,2025-08-22,summer,Hybrid,4,9.142931691731919,0.1316971778869629
synthetic_pv_load_real,2025-09-01_rep00,2025-09-01,cloudy,GA (P=50),0,9.417138169781751,0.15321016311645508
synthetic_pv_load_real,2025-09-01_rep00,2025-09-01,cloudy,GA (P=50),1,8.966092595556333,0.14554929733276367
synthetic_pv_load_real,2025-09-01_rep00,2025-09-01,cloudy,GA (P=50),2,8.83064313237011,0.15301823616027832
synthetic_pv_load_real,2025-09-01_rep00,2025-09-01,cloudy,GA (P=50),3,9.25203726056094,0.1513688564300537
synthetic_pv_load_real,2025-09-01_rep00,2025-09-01,cloudy,GA (P=50),4,10.05017044049558,0.15428400039672852
synthetic_pv_load_real,2025-09-01_rep00,2025-09-01,cloudy,GA (P=100),0,8.653888800763966,0.29152560234069824
synthetic_pv_load_real,2025-09-01_rep00,2025-09-01,cloudy,GA (P=100),1,10.034544312969896,0.31273436546325684
synthetic_pv_load_real,2025-09-01_rep00,2025-09-01,cloudy,GA (P=100),2,8.673805592155972,0.3049793243408203
synthetic_pv_load_real,2025-09-01_rep00,2025-09-01,cloudy,GA (P=100),3,8.403562027781804,0.29909372329711914
synthetic_pv_load_real,2025-09-01_rep00,2025-09-01,cloudy,GA (P=100),4,9.351410880312622,0.30504775047302246
synthetic_pv_load_real,2025-09-01_rep00,2025-09-01,cloudy,PSO,0,12.620388864600379,0.1042027473449707
synthetic_pv_load_real,2025-09-01_rep00,2025-09-01,cloudy,PSO,1,13.354228099265587,0.11730432510375977
synthetic_pv_load_real,2025-09-01_rep00,2025-09-01,cloudy,PSO,2,12.682844156961954,0.10514545440673828
synthetic_pv_load_real,2025-09-01_rep00,2025-09-01,cloudy,PSO,3,15.603809500391797,0.11113810539245605
synthetic_pv_load_real,2025-09-01_rep00,2025-09-01,cloudy,PSO,4,13.929112947794165,0.11088132858276367
synthetic_pv_load_real,2025-09-01_rep00,2025-09-01,cloudy,GWO,0,11.161119304974939,0.1943683624267578
synthetic_pv_load_real,2025-09-01_rep00,2025-09-01,cloudy,GWO,1,11.863879491298478,0.2016596794128418
synthetic_pv_load_real,2025-09-01_rep00,2025-09-01,cloudy,GWO,2,9.872513521158943,0.2009141445159912
synthetic_pv_load_real,2025-09-01_rep00,2025-09-01,cloudy,GWO,3,8.800922650712266,0.24299168586730957
synthetic_pv_load_real,2025-09-01_rep00,2025-09-01,cloudy,GWO,4,9.23067674960018,0.20134973526000977
synthetic_pv_load_real,2025-09-01_rep00,2025-09-01,cloudy,Hybrid,0,13.97648430348462,0.13191676139831543
synthetic_pv_load_real,2025-09-01_rep00,2025-09-01,cloudy,Hybrid,1,11.313657142196943,0.13097357749938965
synthetic_pv_load_real,2025-09-01_rep00,2025-09-01,cloudy,Hybrid,2,15.591112107556123,0.13289165496826172
synthetic_pv_load_real,2025-09-01_rep00,2025-09-01,cloudy,Hybrid,3,12.749725192992242,0.13196468353271484
synthetic_pv_load_real,2025-09-01_rep00,2025-09-01,cloudy,Hybrid,4,11.799005414371035,0.13063836097717285
synthetic_pv_load_real,2025-09-25_rep00,2025-09-25,cloudy,GA (P=50),0,8.766208687761424,0.14721965789794922
synthetic_pv_load_real,2025-09-25_rep00,2025-09-25,cloudy,GA (P=50),1,8.117910413019215,0.14575815200805664
synthetic_pv_load_real,2025-09-25_rep00,2025-09-25,cloudy,GA (P=50),2,8.381942367622951,0.15279364585876465
synthetic_pv_load_real,2025-09-25_rep00,2025-09-25,cloudy,GA (P=50),3,7.872471504310258,0.145857572555542
synthetic_pv_load_real,2025-09-25_rep00,2025-09-25,cloudy,GA (P=50),4,8.379491566256675,0.15968561172485352
synthetic_pv_load_real,2025-09-25_rep00,2025-09-25,cloudy,GA (P=100),0,8.258391938300168,0.3061370849609375
synthetic_pv_load_real,2025-09-25_rep00,2025-09-25,cloudy,GA (P=100),1,7.958510977919964,0.3121144771575928
synthetic_pv_load_real,2025-09-25_rep00,2025-09-25,cloudy,GA (P=100),2,8.205931371307464,0.3815004825592041
synthetic_pv_load_real,2025-09-25_rep00,2025-09-25,cloudy,GA (P=100),3,7.959234308455355,0.2919352054595947
synthetic_pv_load_real,2025-09-25_rep00,2025-09-25,cloudy,GA (P=100),4,8.090095009561834,0.30548620223999023
synthetic_pv_load_real,2025-09-25_rep00,2025-09-25,cloudy,PSO,0,12.404574102566507,0.11118721961975098
synthetic_pv_load_real,2025-09-25_rep00,2025-09-25,cloudy,PSO,1,16.632514801638358,0.11116290092468262
synthetic_pv_load_real,2025-09-25_rep00,2025-09-25,cloudy,PSO,2,11.9728778865216,0.11797142028808594
synthetic_pv_load_real,2025-09-25_rep00,2025-09-25,cloudy,PSO,3,15.191942878661582,0.10418486595153809
synthetic_pv_load_real,2025-09-25_rep00,2025-09-25,cloudy,PSO,4,11.806614285967413,0.11433911323547363
synthetic_pv_load_real,2025-09-25_rep00,2025-09-25,cloudy,GWO,0,9.127970708693454,0.20051217079162598
synthetic_pv_load_real,2025-09-25_rep00,2025-09-25,cloudy,GWO,1,8.80828400292263,0.20597577095031738
synthetic_pv_load_real,2025-09-25_rep00,2025-09-25,cloudy,GWO,2,9.464742679716606,0.20139551162719727
synthetic_pv_load_real,2025-09-25_rep00,2025-09-25,cloudy,GWO,3,9.494959742262672,0.20136427879333496
synthetic_pv_load_real,2025-09-25_rep00,2025-09-25,cloudy,GWO,4,8.371796721610002,0.20140647888183594
synthetic_pv_load_real,2025-09-25_rep00,2025-09-25,cloudy,Hybrid,0,9.252185161638101,0.13193154335021973
synthetic_pv_load_real,2025-09-25_rep00,2025-09-25,cloudy,Hybrid,1,11.555600435180025,0.13209152221679688
synthetic_pv_load_real,2025-09-25_rep00,2025-09-25,cloudy,Hybrid,2,10.601314329721776,0.1315765380859375
synthetic_pv_load_real,2025-09-25_rep00,2025-09-25,cloudy,Hybrid,3,9.420236300151288,0.13219189643859863
synthetic_pv_load_real,2025-09-25_rep00,2025-09-25,cloudy,Hybrid,4,10.955615580211171,0.13193607330322266
synthetic_pv_load_real,2025-11-02_rep00,2025-11-02,cloudy,GA (P=50),0,7.458577641492949,0.1528031826019287
synthetic_pv_load_real,2025-11-02_rep00,2025-11-02,cloudy,GA (P=50),1,7.353805196606754,0.15285992622375488
synthetic_pv_load_real,2025-11-02_rep00,2025-11-02,cloudy,GA (P=50),2,7.54453114289743,0.15266871452331543
synthetic_pv_load_real,2025-11-02_rep00,2025-11-02,cloudy,GA (P=50),3,7.337987997665351,0.16038060188293457
synthetic_pv_load_real,2025-11-02_rep00,2025-11-02,cloudy,GA (P=50),4,7.319644263513896,0.21346521377563477
synthetic_pv_load_real,2025-11-02_rep00,2025-11-02,cloudy,GA (P=100),0,7.669323378383215,0.3334665298461914
synthetic_pv_load_real,2025-11-02_rep00,2025-11-02,cloudy,GA (P=100),1,7.242226851818653,0.35384297370910645
synthetic_pv_load_real,2025-11-02_rep00,2025-11-02,cloudy,GA (P=100),2,7.193768965064642,0.36267971992492676
synthetic_pv_load_real,2025-11-02_rep00,2025-11-02,cloudy,GA (P=100),3,7.216900709243408,0.3188648223876953
synthetic_pv_load_real,2025-11-02_rep00,2025-11-02,cloudy,GA (P=100),4,7.359296925502595,0.3059265613555908
synthetic_pv_load_real,2025-11-02_rep00,2025-11-02,cloudy,PSO,0,11.397839942502083,0.1257460117340088
synthetic_pv_load_real,2025-11-02_rep00,2025-11-02,cloudy,PSO,1,11.911545320627882,0.15911459922790527
synthetic_pv_load_real,2025-11-02_rep00,2025-11-02,cloudy,PSO,2,10.49568994975844,0.11657047271728516
synthetic_pv_load_real,2025-11-02_rep00,2025-11-02,cloudy,PSO,3,9.903444402251072,0.11902046203613281
synthetic_pv_load_real,2025-11-02_rep00,2025-11-02,cloudy,PSO,4,12.293933771295118,0.13182854652404785
synthetic_pv_load_real,2025-11-02_rep00,2025-11-02,cloudy,GWO,0,7.441171351885662,0.22088193893432617
synthetic_pv_load_real,2025-11-02_rep00,2025-11-02,cloudy,GWO,1,8.554357104548801,0.2855818271636963
synthetic_pv_load_real,2025-11-02_rep00,2025-11-02,cloudy,GWO,2,8.922651915745464,0.2626535892486572
synthetic_pv_load_real,2025-11-02_rep00,2025-11-02,cloudy,GWO,3,8.455378228204285,0.1894981861114502
synthetic_pv_load_real,2025-11-02_rep00,2025-11-02,cloudy,GWO,4,7.802552254136066,0.20805811882019043
synthetic_pv_load_real,2025-11-02_rep00,2025-11-02,cloudy,Hybrid,0,9.82321325283238,0.12776684761047363
synthetic_pv_load_real,2025-11-02_rep00,2025-11-02,cloudy,Hybrid,1,9.762446507592637,0.13484621047973633
synthetic_pv_load_real,2025-11-02_rep00,2025-11-02,cloudy,Hybrid,2,10.35130199906986,0.13619422912597656
synthetic_pv_load_real,2025-11-02_rep00,2025-11-02,cloudy,Hybrid,3,10.3627739239513,0.12865757942199707
synthetic_pv_load_real,2025-11-02_rep00,2025-11-02,cloudy,Hybrid,4,8.042034453340863,0.13631033897399902
synthetic_pv_load_real,2025-11-30_rep00,2025-11-30,cloudy,GA (P=50),0,10.052574652344088,0.13370728492736816
synthetic_pv_load_real,2025-11-30_rep00,2025-11-30,cloudy,GA (P=50),1,10.599824412443569,0.15909647941589355
synthetic_pv_load_real,2025-11-30_rep00,2025-11-30,cloudy,GA (P=50),2,9.22005180920675,0.14401483535766602
synthetic_pv_load_real,2025-11-30_rep00,2025-11-30,cloudy,GA (P=50),3,9.579185812236918,0.17406010627746582
synthetic_pv_load_real,2025-11-30_rep00,2025-11-30,cloudy,GA (P=50),4,9.486401368539118,0.19245338439941406
synthetic_pv_load_real,2025-11-30_rep00,2025-11-30,cloudy,GA (P=100),0,9.205826073427357,0.4447629451751709
synthetic_pv_load_real,2025-11-30_rep00,2025-11-30,cloudy,GA (P=100),1,9.160095806006202,0.39704370498657227
synthetic_pv_load_real,2025-11-30_rep00,2025-11-30,cloudy,GA (P=100),2,9.661893649266613,0.3803126811981201
synthetic_pv_load_real,2025-11-30_rep00,2025-11-30,cloudy,GA (P=100),3,9.188263278798692,0.30245232582092285
synthetic_pv_load_real,2025-11-30_rep00,2025-11-30,cloudy,GA (P=100),4,9.228801951089693,0.30155253410339355
synthetic_pv_load_real,2025-11-30_rep00,2025-11-30,cloudy,PSO,0,13.57026448392686,0.11230063438415527
synthetic_pv_load_real,2025-11-30_rep00,2025-11-30,cloudy,PSO,1,14.090360686634375,0.11358189582824707
synthetic_pv_load_real,2025-11-30_rep00,2025-11-30,cloudy,PSO,2,12.984162460583129,0.10945630073547363
synthetic_pv_load_real,2025-11-30_rep00,2025-11-30,cloudy,PSO,3,10.914289655196095,0.11170530319213867
synthetic_pv_load_real,2025-11-30_rep00,2025-11-30,cloudy,PSO,4,13.356509559079399,0.11148285865783691
synthetic_pv_load_real,2025-11-30_rep00,2025-11-30,cloudy,GWO,0,10.013884470290629,0.20748472213745117
synthetic_pv_load_real,2025-11-30_rep00,2025-11-30,cloudy,GWO,1,10.258843681911037,0.19184231758117676
synthetic_pv_load_real,2025-11-30_rep00,2025-11-30,cloudy,GWO,2,10.61739547447142,0.19092822074890137
synthetic_pv_load_real,2025-11-30_rep00,2025-11-30,cloudy,GWO,3,9.92951941563013,0.18900251388549805
synthetic_pv_load_real,2025-11-30_rep00,2025-11-30,cloudy,GWO,4,10.151855860512516,0.19210243225097656
synthetic_pv_load_real,2025-11-30_rep00,2025-11-30,cloudy,Hybrid,0,11.48417748663906,0.12735939025878906
synthetic_pv_load_real,2025-11-30_rep00,2025-11-30,cloudy,Hybrid,1,12.825470652735197,0.12704229354858398
synthetic_pv_load_real,2025-11-30_rep00,2025-11-30,cloudy,Hybrid,2,11.369163357332157,0.12798428535461426
synthetic_pv_load_real,2025-11-30_rep00,2025-11-30,cloudy,Hybrid,3,11.830034156543265,0.12845540046691895
synthetic_pv_load_real,2025-11-30_rep00,2025-11-30,cloudy,Hybrid,4,11.468634569752956,0.12771034240722656
synthetic_pv_load_real,2025-12-24_rep00,2025-12-24,winter,GA (P=50),0,10.763712799686465,0.14254999160766602
synthetic_pv_load_real,2025-12-24_rep00,2025-12-24,winter,GA (P=50),1,11.203173085592992,0.15868091583251953
synthetic_pv_load_real,2025-12-24_rep00,2025-12-24,winter,GA (P=50),2,10.904392487243646,0.14379405975341797
synthetic_pv_load_real,2025-12-24_rep00,2025-12-24,winter,GA (P=50),3,11.629436505355393,0.14432287216186523
synthetic_pv_load_real,2025-12-24_rep00,2025-12-24,winter,GA (P=50),4,10.90840059470345,0.14273715019226074
synthetic_pv_load_real,2025-12-24_rep00,2025-12-24,winter,GA (P=100),0,11.084458138328221,0.28537750244140625
synthetic_pv_load_real,2025-12-24_rep00,2025-12-24,winter,GA (P=100),1,11.019425985466762,0.2861936092376709
synthetic_pv_load_real,2025-12-24_rep00,2025-12-24,winter,GA (P=100),2,11.356459791730602,0.2850522994995117
synthetic_pv_load_real,2025-12-24_rep00,2025-12-24,winter,GA (P=100),3,10.580355814039354,0.2753899097442627
synthetic_pv_load_real,2025-12-24_rep00,2025-12-24,winter,GA (P=100),4,10.540121109139157,0.28863024711608887
synthetic_pv_load_real,2025-12-24_rep00,2025-12-24,winter,PSO,0,14.444430142030352,0.11139416694641113
synthetic_pv_load_real,2025-12-24_rep00,2025-12-24,winter,PSO,1,13.849395157559236,0.11100268363952637
synthetic_pv_load_real,2025-12-24_rep00,2025-12-24,winter,PSO,2,17.021252286486774,0.11061668395996094
synthetic_pv_load_real,2025-12-24_rep00,2025-12-24,winter,PSO,3,16.138806521934516,0.09549474716186523
synthetic_pv_load_real,2025-12-24_rep00,2025-12-24,winter,PSO,4,18.22669292347662,0.1106264591217041
synthetic_pv_load_real,2025-12-24_rep00,2025-12-24,winter,GWO,0,10.84043436627416,0.1910245418548584
synthetic_pv_load_real,2025-12-24_rep00,2025-12-24,winter,GWO,1,11.022866339563912,0.1914658546447754
synthetic_pv_load_real,2025-12-24_rep00,2025-12-24,winter,GWO,2,10.919323738360616,0.20649075508117676
synthetic_pv_load_real,2025-12-24_rep00,2025-12-24,winter,GWO,3,11.373877770494337,0.22299957275390625
synthetic_pv_load_real,2025-12-24_rep00,2025-12-24,winter,GWO,4,11.328217619777059,0.22223138809204102
synthetic_pv_load_real,2025-12-24_rep00,2025-12-24,winter,Hybrid,0,12.643896189536429,0.15355730056762695
synthetic_pv_load_real,2025-12-24_rep00,2025-12-24,winter,Hybrid,1,12.668533526609952,0.14308929443359375
synthetic_pv_load_real,2025-12-24_rep00,2025-12-24,winter,Hybrid,2,12.239278595741816,0.14350533485412598
synthetic_pv_load_real,2025-12-24_rep00,2025-12-24,winter,Hybrid,3,13.443482454095522,0.17470216751098633
synthetic_pv_load_real,2025-12-24_rep00,2025-12-24,winter,Hybrid,4,13.134042672430027,0.1266474723815918
synthetic_pv_load_real,2025-12-27_rep00,2025-12-27,winter,GA (P=50),0,11.442994246837825,0.1437513828277588
synthetic_pv_load_real,2025-12-27_rep00,2025-12-27,winter,GA (P=50),1,11.304116596613099,0.14185595512390137
synthetic_pv_load_real,2025-12-27_rep00,2025-12-27,winter,GA (P=50),2,11.631309974703754,0.1592104434967041
synthetic_pv_load_real,2025-12-27_rep00,2025-12-27,winter,GA (P=50),3,11.791491623346948,0.15526914596557617
synthetic_pv_load_real,2025-12-27_rep00,2025-12-27,winter,GA (P=50),4,11.8881490417018,0.14670705795288086
synthetic_pv_load_real,2025-12-27_rep00,2025-12-27,winter,GA (P=100),0,11.290478474178656,0.28559064865112305
synthetic_pv_load_real,2025-12-27_rep00,2025-12-27,winter,GA (P=100),1,11.185422178513525,0.2873222827911377
synthetic_pv_load_real,2025-12-27_rep00,2025-12-27,winter,GA (P=100),2,12.745098596807262,0.28185582160949707
synthetic_pv_load_real,2025-12-27_rep00,2025-12-27,winter,GA (P=100),3,11.487445654383723,0.27330684661865234
synthetic_pv_load_real,2025-12-27_rep00,2025-12-27,winter,GA (P=100),4,11.437910228738703,0.3021233081817627
synthetic_pv_load_real,2025-12-27_rep00,2025-12-27,winter,PSO,0,15.075609602480032,0.09549736976623535
synthetic_pv_load_real,2025-12-27_rep00,2025-12-27,winter,PSO,1,16.041597962608122,0.11142754554748535
synthetic_pv_load_real,2025-12-27_rep00,2025-12-27,winter,PSO,2,16.443774765504493,0.1143648624420166
synthetic_pv_load_real,2025-12-27_rep00,2025-12-27,winter,PSO,3,16.50915669323075,0.10975909233093262
synthetic_pv_load_real,2025-12-27_rep00,2025-12-27,winter,PSO,4,14.70904588606827,0.09511280059814453
synthetic_pv_load_real,2025-12-27_rep00,2025-12-27,winter,GWO,0,12.7914888098316,0.2003929615020752
synthetic_pv_load_real,2025-12-27_rep00,2025-12-27,winter,GWO,1,12.155988650831901,0.1952660083770752
synthetic_pv_load_real,2025-12-27_rep00,2025-12-27,winter,GWO,2,12.025862678844138,0.19100427627563477
synthetic_pv_load_real,2025-12-27_rep00,2025-12-27,winter,GWO,3,12.081596014290195,0.19163894653320312
synthetic_pv_load_real,2025-12-27_rep00,2025-12-27,winter,GWO,4,11.883898643879307,0.20739150047302246
synthetic_pv_load_real,2025-12-27_rep00,2025-12-27,winter,Hybrid,0,13.089292118227842,0.12744855880737305
synthetic_pv_load_real,2025-12-27_rep00,2025-12-27,winter,Hybrid,1,12.684225603833365,0.12712836265563965
synthetic_pv_load_real,2025-12-27_rep00,2025-12-27,winter,Hybrid,2,12.310037189465284,0.1264650821685791
synthetic_pv_load_real,2025-12-27_rep00,2025-12-27,winter,Hybrid,3,14.455389334492022,0.12771224975585938
synthetic_pv_load_real,2025-12-27_rep00,2025-12-27,winter,Hybrid,4,15.066226291143737,0.1334218978881836
